subject_ID,roll_cat_len_level,log_lag_bin,Az,log_lag_disp
0,0-1,0,0.9607640884106136,1.0
0,0-1,2,0.9507001906703003,8.0
0,0-1,3,0.9337263039487854,21.0
0,0-1,4,0.9411358653721582,55.0
0,0-1,5,,149.0
0,>=2,0,0.9818812255387274,1.0
0,>=2,2,0.952278260515242,8.0
0,>=2,3,0.9285714285714287,21.0
0,>=2,4,,55.0
0,>=2,5,,149.0
1,0-1,0,0.9005374928079467,1.0
1,0-1,2,0.8633592441181203,8.0
1,0-1,3,0.8740577657094505,21.0
1,0-1,4,0.8209562739193061,55.0
1,0-1,5,0.6053307200015281,149.0
1,>=2,0,0.889580158575894,1.0
1,>=2,2,0.9055716361945549,8.0
1,>=2,3,0.870293829839847,21.0
1,>=2,4,0.7360080232163361,55.0
1,>=2,5,,149.0
2,0-1,0,0.8864136878572952,1.0
2,0-1,2,0.83073987416365,8.0
2,0-1,3,0.8435602127971465,21.0
2,0-1,4,0.7307296585310011,55.0
2,0-1,5,0.6200174422476684,149.0
2,>=2,0,0.8613748323064263,1.0
2,>=2,2,0.8552869205448759,8.0
2,>=2,3,0.8653582494701162,21.0
2,>=2,4,0.8205132350859992,55.0
2,>=2,5,,149.0
3,0-1,0,0.6587853736844711,1.0
3,0-1,2,0.9027777777777779,8.0
3,0-1,3,0.6196924153509991,21.0
3,0-1,4,0.6310149136483156,55.0
3,0-1,5,0.6932697317516515,149.0
3,>=2,0,0.5974553092779248,1.0
3,>=2,2,0.6216123076565259,8.0
3,>=2,3,0.6005374033613388,21.0
3,>=2,4,0.5762220003473632,55.0
3,>=2,5,0.587273458328885,149.0
5,0-1,0,0.9329583309718129,1.0
5,0-1,2,0.9346151822987672,8.0
5,0-1,3,0.9169509310838014,21.0
5,0-1,4,0.8527968853404064,55.0
5,0-1,5,0.8064359385359494,149.0
5,>=2,0,0.9030909441912711,1.0
5,>=2,2,0.9012495025306849,8.0
5,>=2,3,0.9716669301369737,21.0
5,>=2,4,0.8965637088911831,55.0
5,>=2,5,,149.0
6,0-1,0,0.9385776527086789,1.0
6,0-1,2,0.945963865625976,8.0
6,0-1,3,0.8596363078750935,21.0
6,0-1,4,0.8367923165030942,55.0
6,0-1,5,,149.0
6,>=2,0,0.9310260872716749,1.0
6,>=2,2,0.47992683875542064,8.0
6,>=2,3,0.9189461792205209,21.0
6,>=2,4,0.44446195992086424,55.0
6,>=2,5,,149.0
7,0-1,0,0.875,1.0
7,0-1,2,0.9755559363827718,8.0
7,0-1,3,0.5769095800176545,21.0
7,0-1,4,0.586543327748792,55.0
7,0-1,5,0.6293606153694113,149.0
7,>=2,0,0.5759335129861005,1.0
7,>=2,2,0.9681816728192021,8.0
7,>=2,3,0.6281384829896066,21.0
7,>=2,4,0.5958453794355327,55.0
7,>=2,5,,149.0
8,0-1,0,0.2336990723525642,1.0
8,0-1,2,0.43573225360900736,8.0
8,0-1,3,0.576774716413393,21.0
8,0-1,4,0.7591007726134189,55.0
8,0-1,5,0.771404380382971,149.0
8,>=2,0,0.2877891810553543,1.0
8,>=2,2,0.544222288198688,8.0
8,>=2,3,0.6014608901988966,21.0
8,>=2,4,0.4948775071970741,55.0
8,>=2,5,,149.0
9,0-1,0,0.8475038470095906,1.0
9,0-1,2,0.7556970436171713,8.0
9,0-1,3,0.7885484543168759,21.0
9,0-1,4,0.7516768943167442,55.0
9,0-1,5,,149.0
9,>=2,0,0.7403890547030436,1.0
9,>=2,2,0.7729514307113821,8.0
9,>=2,3,0.7236680682021674,21.0
9,>=2,4,0.7860241270281901,55.0
9,>=2,5,,149.0
10,0-1,0,0.7473145646143018,1.0
10,0-1,2,0.8446615938213555,8.0
10,0-1,3,0.8278556070875976,21.0
10,0-1,4,0.6709760665840604,55.0
10,0-1,5,0.6726843602619961,149.0
10,>=2,0,0.730031510212958,1.0
10,>=2,2,0.7567594470620238,8.0
10,>=2,3,0.7578060905267361,21.0
10,>=2,4,0.5699501786748016,55.0
10,>=2,5,0.7129217414158224,149.0
11,0-1,0,0.727975588615022,1.0
11,0-1,2,0.7872205805527582,8.0
11,0-1,3,0.8863741468581987,21.0
11,0-1,4,0.8927346249378005,55.0
11,0-1,5,0.6856826903224087,149.0
11,>=2,0,0.6157140510864634,1.0
11,>=2,2,0.8500000000000001,8.0
11,>=2,3,0.6621372938869365,21.0
11,>=2,4,0.6733937461533905,55.0
11,>=2,5,,149.0
12,0-1,0,0.5261211475027029,1.0
12,0-1,2,0.45613307748407184,8.0
12,0-1,3,0.42007343658978197,21.0
12,0-1,4,0.6229249716943186,55.0
12,0-1,5,0.6267172291540479,149.0
12,>=2,0,0.4503446949850356,1.0
12,>=2,2,0.4399746794718795,8.0
12,>=2,3,0.424937635356354,21.0
12,>=2,4,0.38381681768036546,55.0
12,>=2,5,,149.0
14,0-1,0,0.41849032218203164,1.0
14,0-1,2,0.5678328521905428,8.0
14,0-1,3,0.4864809856051295,21.0
14,0-1,4,0.3365442081321266,55.0
14,0-1,5,0.32907770631049427,149.0
14,>=2,0,0.4970673335371785,1.0
14,>=2,2,0.5,8.0
14,>=2,3,0.3678848518805685,21.0
14,>=2,4,0.41666666666666663,55.0
14,>=2,5,,149.0
16,0-1,0,0.7179335057179417,1.0
16,0-1,2,0.8863267165260091,8.0
16,0-1,3,0.8359237038887329,21.0
16,0-1,4,0.7612256248905793,55.0
16,0-1,5,,149.0
16,>=2,0,0.9226860436847404,1.0
16,>=2,2,0.8596577483366198,8.0
16,>=2,3,0.8549300534492282,21.0
16,>=2,4,0.7988877072347265,55.0
16,>=2,5,,149.0
17,0-1,0,0.40151302338390527,1.0
17,0-1,2,0.4540546480123496,8.0
17,0-1,3,0.48426156765177314,21.0
17,0-1,4,0.5115128675351124,55.0
17,0-1,5,,149.0
17,>=2,0,0.39898184920012714,1.0
17,>=2,2,0.5141136295520884,8.0
17,>=2,3,0.45461808317698665,21.0
17,>=2,4,0.47926262666998326,55.0
17,>=2,5,,149.0
18,0-1,0,0.851801357448728,1.0
18,0-1,2,0.9452241018610913,8.0
18,0-1,3,0.9390051743508068,21.0
18,0-1,4,0.8797034781791806,55.0
18,0-1,5,0.7892823218085816,149.0
18,>=2,0,0.7605591783056511,1.0
18,>=2,2,0.9403470254420819,8.0
18,>=2,3,0.8171206294624611,21.0
18,>=2,4,0.811381598408072,55.0
18,>=2,5,,149.0
19,0-1,0,0.6841292482759292,1.0
19,0-1,2,0.4838130511387116,8.0
19,0-1,3,0.5433930506663563,21.0
19,0-1,4,0.5214038971270724,55.0
19,0-1,5,0.7132997223871098,149.0
19,>=2,0,0.5733534603397956,1.0
19,>=2,2,0.44413101270696054,8.0
19,>=2,3,0.2691798434112466,21.0
19,>=2,4,0.18095675141906342,55.0
19,>=2,5,,149.0
21,0-1,0,0.8221375765588675,1.0
21,0-1,2,0.8837756375445793,8.0
21,0-1,3,0.820868690056894,21.0
21,0-1,4,0.8310741301142888,55.0
21,0-1,5,0.7373678595709703,149.0
21,>=2,0,0.7066122759204163,1.0
21,>=2,2,0.7882547257216275,8.0
21,>=2,3,0.8437596125120529,21.0
21,>=2,4,0.7639737410108602,55.0
21,>=2,5,0.8567205241396347,149.0
22,0-1,0,0.6536745737398708,1.0
22,0-1,2,0.48974147591964795,8.0
22,0-1,3,0.5158794941602156,21.0
22,0-1,4,0.3954047987726804,55.0
22,0-1,5,0.4478496411558499,149.0
22,>=2,0,0.5218144622428038,1.0
22,>=2,2,0.5512407029089882,8.0
22,>=2,3,0.28666985982522536,21.0
22,>=2,4,0.5632407224602166,55.0
22,>=2,5,,149.0
23,0-1,0,0.3802510249671382,1.0
23,0-1,2,0.4634879803172025,8.0
23,0-1,3,0.5618303981200118,21.0
23,0-1,4,0.5735919557191089,55.0
23,0-1,5,,149.0
23,>=2,0,0.6306567453130988,1.0
23,>=2,2,0.5924811329057288,8.0
23,>=2,3,0.3533343734520418,21.0
23,>=2,4,0.3544185302112055,55.0
23,>=2,5,,149.0
27,0-1,0,0.5226130973699773,1.0
27,0-1,2,0.5277449586569547,8.0
27,0-1,3,0.4990354251795686,21.0
27,0-1,4,0.5047639030667004,55.0
27,0-1,5,0.5136790024792651,149.0
27,>=2,0,0.5211736446277343,1.0
27,>=2,2,0.5343147519759841,8.0
27,>=2,3,0.472637281954538,21.0
27,>=2,4,0.5072561423470239,55.0
27,>=2,5,0.48009093151606724,149.0
28,0-1,0,0.5078294376617404,1.0
28,0-1,2,0.5367222364593218,8.0
28,0-1,3,0.47150624937250907,21.0
28,0-1,4,0.5755566514496863,55.0
28,0-1,5,,149.0
28,>=2,0,0.5294680925367699,1.0
28,>=2,2,0.48065505644221596,8.0
28,>=2,3,0.4500828922924816,21.0
28,>=2,4,0.6745696834698887,55.0
28,>=2,5,,149.0
29,0-1,0,0.9256610960151337,1.0
29,0-1,2,0.8127027174746089,8.0
29,0-1,3,0.8222087568109455,21.0
29,0-1,4,0.5745260229440656,55.0
29,0-1,5,,149.0
29,>=2,0,0.945831547305653,1.0
29,>=2,2,0.8821005491957388,8.0
29,>=2,3,0.7775047814894016,21.0
29,>=2,4,0.8519865401021365,55.0
29,>=2,5,,149.0
31,0-1,0,0.5494262475231372,1.0
31,0-1,2,0.47234690916497424,8.0
31,0-1,3,0.5344201764107072,21.0
31,0-1,4,0.4499110078821147,55.0
31,0-1,5,0.7690822001707851,149.0
31,>=2,0,0.6230071832063058,1.0
31,>=2,2,0.42971124351422996,8.0
31,>=2,3,0.4224714701643096,21.0
31,>=2,4,0.5635808545624907,55.0
31,>=2,5,0.402213189278099,149.0
32,0-1,0,0.5443468990249261,1.0
32,0-1,2,0.5082723046070958,8.0
32,0-1,3,0.46520711543421306,21.0
32,0-1,4,0.5747866446495957,55.0
32,0-1,5,0.5382992305693948,149.0
32,>=2,0,0.5955191839130599,1.0
32,>=2,2,0.6432929732684869,8.0
32,>=2,3,0.7149676405016872,21.0
32,>=2,4,0.375,55.0
32,>=2,5,0.296862785463707,149.0
35,0-1,0,0.9615384615384616,1.0
35,0-1,2,0.9518587351759858,8.0
35,0-1,3,0.9042279457313104,21.0
35,0-1,4,0.8690366464788433,55.0
35,0-1,5,0.8151901753174038,149.0
35,>=2,0,0.9761904761904762,1.0
35,>=2,2,0.9642857142857143,8.0
35,>=2,3,0.9375,21.0
35,>=2,4,0.9499999999999998,55.0
35,>=2,5,,149.0
37,0-1,0,0.5322993616509415,1.0
37,0-1,2,0.47016996547347234,8.0
37,0-1,3,0.4169411344726451,21.0
37,0-1,4,0.4448370555924769,55.0
37,0-1,5,0.39392102715245153,149.0
37,>=2,0,0.5321320919926139,1.0
37,>=2,2,0.3672782476625639,8.0
37,>=2,3,0.4099705177802265,21.0
37,>=2,4,0.3595744651242022,55.0
37,>=2,5,0.3539014972565719,149.0
39,0-1,0,0.694556695569194,1.0
39,0-1,2,0.7598687866467537,8.0
39,0-1,3,0.7791038222578651,21.0
39,0-1,4,0.8057634661735887,55.0
39,0-1,5,0.7600367320146567,149.0
39,>=2,0,0.7854666671961735,1.0
39,>=2,2,0.7321633614960875,8.0
39,>=2,3,0.7780703001596099,21.0
39,>=2,4,0.6690761462938557,55.0
39,>=2,5,0.7620292074844162,149.0
40,0-1,0,0.9865814846339628,1.0
40,0-1,2,0.97443419066815,8.0
40,0-1,3,0.9679793473629433,21.0
40,0-1,4,0.8962565394950444,55.0
40,0-1,5,0.9176279818764914,149.0
40,>=2,0,0.9601187989471902,1.0
40,>=2,2,0.9863589873167595,8.0
40,>=2,3,0.9307753215547524,21.0
40,>=2,4,0.8907802589194918,55.0
40,>=2,5,,149.0
41,0-1,0,0.7032734581679074,1.0
41,0-1,2,0.7337090353971765,8.0
41,0-1,3,0.7269186796595243,21.0
41,0-1,4,0.5930172954077126,55.0
41,0-1,5,0.4142387222047514,149.0
41,>=2,0,0.7145932244341926,1.0
41,>=2,2,0.6924028987592232,8.0
41,>=2,3,0.5547074040144703,21.0
41,>=2,4,0.6464939280326985,55.0
41,>=2,5,,149.0
42,0-1,0,0.9033970177498232,1.0
42,0-1,2,0.8935222405080283,8.0
42,0-1,3,0.896495067732878,21.0
42,0-1,4,0.8972963497530876,55.0
42,0-1,5,0.7842244621339369,149.0
42,>=2,0,0.941043437267028,1.0
42,>=2,2,0.8981204972511222,8.0
42,>=2,3,0.8820551581216187,21.0
42,>=2,4,0.75,55.0
42,>=2,5,,149.0
43,0-1,0,0.6166592657764695,1.0
43,0-1,2,0.5539068577874832,8.0
43,0-1,3,0.4896911113443507,21.0
43,0-1,4,0.5063549943899495,55.0
43,0-1,5,,149.0
43,>=2,0,0.5870746616953924,1.0
43,>=2,2,0.6092492952470014,8.0
43,>=2,3,0.5632580266274682,21.0
43,>=2,4,0.23998843801677633,55.0
43,>=2,5,,149.0
44,0-1,0,0.7051248214323422,1.0
44,0-1,2,0.6870825629351904,8.0
44,0-1,3,0.7583199308848942,21.0
44,0-1,4,0.7609057799325681,55.0
44,0-1,5,0.6509727037113662,149.0
44,>=2,0,0.7978994622003117,1.0
44,>=2,2,0.7280929353689328,8.0
44,>=2,3,0.7837229144366293,21.0
44,>=2,4,0.767957247179075,55.0
44,>=2,5,,149.0
46,0-1,0,0.8787095823959518,1.0
46,0-1,2,0.8866613706703996,8.0
46,0-1,3,0.9530415462258542,21.0
46,0-1,4,0.8223571198169952,55.0
46,0-1,5,0.461456459498514,149.0
46,>=2,0,0.9113993193947261,1.0
46,>=2,2,0.9013830008890602,8.0
46,>=2,3,0.8923391868457828,21.0
46,>=2,4,0.8853457423089393,55.0
46,>=2,5,,149.0
47,0-1,0,0.5097936403420871,1.0
47,0-1,2,0.5500482685056162,8.0
47,0-1,3,0.502485546384487,21.0
47,0-1,4,0.527752250961158,55.0
47,0-1,5,,149.0
47,>=2,0,0.5019813128984923,1.0
47,>=2,2,0.39127762361818463,8.0
47,>=2,3,0.5520024495518058,21.0
47,>=2,4,0.7259914818803652,55.0
47,>=2,5,,149.0
48,0-1,0,0.7857142857142857,1.0
48,0-1,2,0.7684426556503369,8.0
48,0-1,3,0.6436991761560314,21.0
48,0-1,4,0.5904111825746821,55.0
48,0-1,5,0.556667948784961,149.0
48,>=2,0,0.5599309996866112,1.0
48,>=2,2,0.6175089400228262,8.0
48,>=2,3,0.3837875942237336,21.0
48,>=2,4,0.6621642222169339,55.0
48,>=2,5,0.26164901131725093,149.0
49,0-1,0,0.8919275778186188,1.0
49,0-1,2,0.8900534967096383,8.0
49,0-1,3,0.8949848427483,21.0
49,0-1,4,0.7596994154787586,55.0
49,0-1,5,,149.0
49,>=2,0,0.9028189912001772,1.0
49,>=2,2,0.8852840723110469,8.0
49,>=2,3,0.9024482716589446,21.0
49,>=2,4,0.8424428139122879,55.0
49,>=2,5,,149.0
50,0-1,0,0.6074606696146867,1.0
50,0-1,2,0.6370562085363598,8.0
50,0-1,3,0.47632597677415145,21.0
50,0-1,4,0.6383330752917395,55.0
50,0-1,5,0.5657021107495788,149.0
50,>=2,0,0.5787019224789121,1.0
50,>=2,2,0.7167133699267074,8.0
50,>=2,3,0.6261050331607556,21.0
50,>=2,4,0.5728765312385485,55.0
50,>=2,5,0.6286632288592766,149.0
51,0-1,0,0.5095733502380558,1.0
51,0-1,2,0.456275580813247,8.0
51,0-1,3,0.5240169259370565,21.0
51,0-1,4,0.5257242860007032,55.0
51,0-1,5,0.5123996612280086,149.0
51,>=2,0,0.41686465444219456,1.0
51,>=2,2,0.49189349474290883,8.0
51,>=2,3,0.4932113343073621,21.0
51,>=2,4,0.6506177831315005,55.0
51,>=2,5,0.6114756637944802,149.0
53,0-1,0,0.7549892267024514,1.0
53,0-1,2,0.7552516771655746,8.0
53,0-1,3,0.7315807511376452,21.0
53,0-1,4,0.5692334934805118,55.0
53,0-1,5,,149.0
53,>=2,0,0.8017142649137967,1.0
53,>=2,2,0.6647057259712966,8.0
53,>=2,3,0.5688102842444792,21.0
53,>=2,4,0.5318646319485393,55.0
53,>=2,5,,149.0
54,0-1,0,0.14033058545337862,1.0
54,0-1,2,0.2671928759767581,8.0
54,0-1,3,0.46580440283035224,21.0
54,0-1,4,0.609301523387628,55.0
54,0-1,5,0.3173287397328222,149.0
54,>=2,0,0.053536225049510396,1.0
54,>=2,2,0.05905440883954424,8.0
54,>=2,3,0.14746084696775041,21.0
54,>=2,4,0.43992228963194313,55.0
54,>=2,5,,149.0
55,0-1,0,0.6174448061573322,1.0
55,0-1,2,0.49,8.0
55,0-1,3,0.4516272694369449,21.0
55,0-1,4,0.18478260869565172,55.0
55,0-1,5,,149.0
55,>=2,0,0.7122628268409001,1.0
55,>=2,2,0.5566022229667102,8.0
55,>=2,3,0.5,21.0
55,>=2,4,0.4041546205644673,55.0
55,>=2,5,,149.0
57,0-1,0,0.8160737121829271,1.0
57,0-1,2,0.7889704084479672,8.0
57,0-1,3,0.5918463896509663,21.0
57,0-1,4,0.6170974093460019,55.0
57,0-1,5,0.583758838655672,149.0
57,>=2,0,0.8377928698048521,1.0
57,>=2,2,0.7388703101615988,8.0
57,>=2,3,0.6321810737120495,21.0
57,>=2,4,0.48410428996519933,55.0
57,>=2,5,,149.0
58,0-1,0,0.4406300950817292,1.0
58,0-1,2,0.48879347225732345,8.0
58,0-1,3,0.45991579961889434,21.0
58,0-1,4,0.47367090234843623,55.0
58,0-1,5,0.503399259013672,149.0
58,>=2,0,0.3914621211651548,1.0
58,>=2,2,0.4217166459396621,8.0
58,>=2,3,0.5616880112799213,21.0
58,>=2,4,0.326650552960197,55.0
58,>=2,5,0.25,149.0
59,0-1,0,0.5881478659553636,1.0
59,0-1,2,0.4899764195890763,8.0
59,0-1,3,0.4533861235346348,21.0
59,0-1,4,0.45287547934997824,55.0
59,0-1,5,0.3899578869057635,149.0
59,>=2,0,0.6550730699914821,1.0
59,>=2,2,0.4561657678954979,8.0
59,>=2,3,0.4065258543959386,21.0
59,>=2,4,0.5581406695617402,55.0
59,>=2,5,,149.0
60,0-1,0,0.9786099788245285,1.0
60,0-1,2,0.9799206069152442,8.0
60,0-1,3,0.9548530549349108,21.0
60,0-1,4,0.8345558964094801,55.0
60,0-1,5,,149.0
60,>=2,0,0.9671135764760825,1.0
60,>=2,2,0.9518072339721997,8.0
60,>=2,3,0.8571012724866103,21.0
60,>=2,4,0.9130427045450041,55.0
60,>=2,5,,149.0
61,0-1,0,0.7183077075221931,1.0
61,0-1,2,0.6772800056638661,8.0
61,0-1,3,0.6297196327353379,21.0
61,0-1,4,0.4086446655355325,55.0
61,0-1,5,0.3110760380693778,149.0
61,>=2,0,0.6857005861809591,1.0
61,>=2,2,0.8275300412373547,8.0
61,>=2,3,0.6074768874865101,21.0
61,>=2,4,,55.0
61,>=2,5,,149.0
63,0-1,0,0.6382124561787696,1.0
63,0-1,2,0.7237302813707818,8.0
63,0-1,3,0.7324680986312374,21.0
63,0-1,4,0.7405742124139739,55.0
63,0-1,5,0.4944003366817447,149.0
63,>=2,0,0.7398234520736551,1.0
63,>=2,2,0.4113597970911083,8.0
63,>=2,3,0.5863835562457602,21.0
63,>=2,4,0.6656556108190779,55.0
63,>=2,5,0.5022318552368343,149.0
64,0-1,0,0.8102163924511059,1.0
64,0-1,2,0.8331949208929031,8.0
64,0-1,3,0.8144012473962058,21.0
64,0-1,4,0.7597678126335299,55.0
64,0-1,5,0.7574630506928188,149.0
64,>=2,0,0.7995096946134685,1.0
64,>=2,2,0.8456111402529269,8.0
64,>=2,3,0.803913351018998,21.0
64,>=2,4,0.5136522621767161,55.0
64,>=2,5,,149.0
65,0-1,0,0.700967065172309,1.0
65,0-1,2,0.6667302022109416,8.0
65,0-1,3,0.7603753872858954,21.0
65,0-1,4,0.6527572985101997,55.0
65,0-1,5,0.4625308035060848,149.0
65,>=2,0,0.7509395547552122,1.0
65,>=2,2,0.7178775639238457,8.0
65,>=2,3,0.7409001257957961,21.0
65,>=2,4,0.5255013846597166,55.0
65,>=2,5,,149.0
66,0-1,0,0.783298393027429,1.0
66,0-1,2,0.8237306904533286,8.0
66,0-1,3,0.832467581079481,21.0
66,0-1,4,0.87583166072849,55.0
66,0-1,5,0.6464481751710074,149.0
66,>=2,0,0.6541721281576419,1.0
66,>=2,2,0.8193571211178647,8.0
66,>=2,3,0.7538753017139368,21.0
66,>=2,4,0.7085408817586748,55.0
66,>=2,5,,149.0
67,0-1,0,0.5536432104232529,1.0
67,0-1,2,0.4087771049629347,8.0
67,0-1,3,0.5441865513797339,21.0
67,0-1,4,0.4613795716098438,55.0
67,0-1,5,0.49350076714675367,149.0
67,>=2,0,0.5662203050922846,1.0
67,>=2,2,0.6821634455467354,8.0
67,>=2,3,0.44179192066857753,21.0
67,>=2,4,0.4396986720200832,55.0
67,>=2,5,,149.0
68,0-1,0,0.39374599582058056,1.0
68,0-1,2,0.49195977137925107,8.0
68,0-1,3,0.6133202832863985,21.0
68,0-1,4,0.4857720206403215,55.0
68,0-1,5,0.4951876471651818,149.0
68,>=2,0,0.5961420634935787,1.0
68,>=2,2,0.6581545790205273,8.0
68,>=2,3,0.497023354895819,21.0
68,>=2,4,0.46468335284497053,55.0
68,>=2,5,,149.0
69,0-1,0,0.4476593598084231,1.0
69,0-1,2,0.6895483952859875,8.0
69,0-1,3,0.447867629895802,21.0
69,0-1,4,0.5515997631237001,55.0
69,0-1,5,0.5361041245451371,149.0
69,>=2,0,0.40084321709179616,1.0
69,>=2,2,0.5155711582694267,8.0
69,>=2,3,0.519703265066806,21.0
69,>=2,4,0.5820252837272198,55.0
69,>=2,5,,149.0
70,0-1,0,0.2970908784175039,1.0
70,0-1,2,0.4763474925135605,8.0
70,0-1,3,0.5320885698059334,21.0
70,0-1,4,0.3035413690394984,55.0
70,0-1,5,,149.0
70,>=2,0,0.45654143086642907,1.0
70,>=2,2,0.44229524321975755,8.0
70,>=2,3,0.12359096177311507,21.0
70,>=2,4,0.45493578605899837,55.0
70,>=2,5,,149.0
71,0-1,0,0.5108079463706046,1.0
71,0-1,2,0.5233668267191233,8.0
71,0-1,3,0.5574115926203668,21.0
71,0-1,4,0.5509098671699825,55.0
71,0-1,5,0.6182928812355728,149.0
71,>=2,0,0.47381138255177985,1.0
71,>=2,2,0.4060547517658279,8.0
71,>=2,3,0.5853332278338508,21.0
71,>=2,4,0.41415907485906805,55.0
71,>=2,5,,149.0
72,0-1,0,0.5769259047289832,1.0
72,0-1,2,0.5379163575011592,8.0
72,0-1,3,0.5547851794820728,21.0
72,0-1,4,0.6618986591491183,55.0
72,0-1,5,0.5020864583531177,149.0
72,>=2,0,0.6296442778590026,1.0
72,>=2,2,0.5681494710290655,8.0
72,>=2,3,0.5487187386975,21.0
72,>=2,4,0.4957913530155004,55.0
72,>=2,5,0.4348285732579834,149.0
73,0-1,0,0.561756257849751,1.0
73,0-1,2,0.6786083152975385,8.0
73,0-1,3,0.6174952338558152,21.0
73,0-1,4,0.664292178687016,55.0
73,0-1,5,0.60419189106403,149.0
73,>=2,0,0.5672028847720301,1.0
73,>=2,2,0.5431456009394211,8.0
73,>=2,3,0.5479679086191405,21.0
73,>=2,4,0.6382999253215542,55.0
73,>=2,5,,149.0
74,0-1,0,0.9359781708137802,1.0
74,0-1,2,0.8749370946734745,8.0
74,0-1,3,0.7787952645786014,21.0
74,0-1,4,0.7922153818011184,55.0
74,0-1,5,,149.0
74,>=2,0,0.8425591145759134,1.0
74,>=2,2,0.8301353416131412,8.0
74,>=2,3,0.7475805627828497,21.0
74,>=2,4,,55.0
74,>=2,5,,149.0
76,0-1,0,0.4821407049082747,1.0
76,0-1,2,0.3820869584604425,8.0
76,0-1,3,0.5246944177421483,21.0
76,0-1,4,0.5456023772550104,55.0
76,0-1,5,,149.0
76,>=2,0,0.5228463303531126,1.0
76,>=2,2,0.30637315446644175,8.0
76,>=2,3,0.07142857142857141,21.0
76,>=2,4,,55.0
76,>=2,5,,149.0
77,0-1,0,0.5,1.0
77,0-1,2,0.4898984050687652,8.0
77,0-1,3,0.5879548094402438,21.0
77,0-1,4,0.550573312407059,55.0
77,0-1,5,0.43168355641741224,149.0
77,>=2,0,0.8031779853521155,1.0
77,>=2,2,0.39062689058070643,8.0
77,>=2,3,0.32422152427179163,21.0
77,>=2,4,0.6687971997810269,55.0
77,>=2,5,0.25,149.0
78,0-1,0,0.9444444444444444,1.0
78,0-1,2,0.964568926683973,8.0
78,0-1,3,0.9763928487738973,21.0
78,0-1,4,0.9639787671458293,55.0
78,0-1,5,0.9593272379566372,149.0
78,>=2,0,0.9764303654576328,1.0
78,>=2,2,0.9790761221969809,8.0
78,>=2,3,0.9285714285714286,21.0
78,>=2,4,0.8410414396768209,55.0
78,>=2,5,,149.0
79,0-1,0,0.9640717047691489,1.0
79,0-1,2,0.9841347282565626,8.0
79,0-1,3,0.9707327902557559,21.0
79,0-1,4,0.9304687704204508,55.0
79,0-1,5,0.8065186485053976,149.0
79,>=2,0,0.9797711473579116,1.0
79,>=2,2,0.9479185664656661,8.0
79,>=2,3,0.9259833309205459,21.0
79,>=2,4,0.9117822753712839,55.0
79,>=2,5,,149.0
80,0-1,0,0.9571165487915716,1.0
80,0-1,2,0.8574625629244286,8.0
80,0-1,3,0.886403425338876,21.0
80,0-1,4,0.8102342636802429,55.0
80,0-1,5,0.5715840221193486,149.0
80,>=2,0,0.9289961580983079,1.0
80,>=2,2,0.9417122511303242,8.0
80,>=2,3,0.8251252656481859,21.0
80,>=2,4,0.7647488752555611,55.0
80,>=2,5,,149.0
81,0-1,0,0.9180306468670992,1.0
81,0-1,2,0.8593276678716106,8.0
81,0-1,3,0.8414783686014196,21.0
81,0-1,4,0.8044110996091961,55.0
81,0-1,5,0.7841128395958122,149.0
81,>=2,0,0.9695960114776146,1.0
81,>=2,2,0.9103076691458514,8.0
81,>=2,3,0.8539539846570767,21.0
81,>=2,4,0.5805091566420706,55.0
81,>=2,5,,149.0
83,0-1,0,0.7852396905618937,1.0
83,0-1,2,0.7252943457163593,8.0
83,0-1,3,0.7675877923915322,21.0
83,0-1,4,0.7290827628534305,55.0
83,0-1,5,0.31469725672418325,149.0
83,>=2,0,0.7549645310912988,1.0
83,>=2,2,0.7090079858604148,8.0
83,>=2,3,0.7022900928346508,21.0
83,>=2,4,0.7258249492768213,55.0
83,>=2,5,0.5165220332668091,149.0
85,0-1,0,0.6454460833805663,1.0
85,0-1,2,0.3913175711298856,8.0
85,0-1,3,0.5614694974442297,21.0
85,0-1,4,0.4805798369466749,55.0
85,0-1,5,0.5753002364462275,149.0
85,>=2,0,0.5422336274729139,1.0
85,>=2,2,0.4985460522717382,8.0
85,>=2,3,0.6541569487089731,21.0
85,>=2,4,0.48714186666751774,55.0
85,>=2,5,,149.0
87,0-1,0,0.7477241798102947,1.0
87,0-1,2,0.7715455253183161,8.0
87,0-1,3,0.7618655509987263,21.0
87,0-1,4,0.6753369788853019,55.0
87,0-1,5,0.5169262136165219,149.0
87,>=2,0,0.6515469335453468,1.0
87,>=2,2,0.6670079353431134,8.0
87,>=2,3,0.6533552090428253,21.0
87,>=2,4,0.8337992865991428,55.0
87,>=2,5,,149.0
88,0-1,0,0.5480479784890454,1.0
88,0-1,2,0.6132674326661036,8.0
88,0-1,3,0.5645129258309937,21.0
88,0-1,4,0.4513130968986829,55.0
88,0-1,5,0.4921137459602147,149.0
88,>=2,0,0.4766981175828632,1.0
88,>=2,2,0.3276447409947898,8.0
88,>=2,3,0.31183913820503795,21.0
88,>=2,4,0.4365232074443091,55.0
88,>=2,5,0.7450683487094977,149.0
89,0-1,0,0.4279333463314208,1.0
89,0-1,2,0.5612482237756917,8.0
89,0-1,3,0.425651325411026,21.0
89,0-1,4,0.3988450067705401,55.0
89,0-1,5,,149.0
89,>=2,0,0.47095698463219315,1.0
89,>=2,2,0.4831935726225466,8.0
89,>=2,3,0.5567933766715125,21.0
89,>=2,4,0.5577946577012253,55.0
89,>=2,5,,149.0
90,0-1,0,0.8186447514221817,1.0
90,0-1,2,0.7948704869461576,8.0
90,0-1,3,0.720653444303892,21.0
90,0-1,4,0.6789802432211336,55.0
90,0-1,5,0.66386872615507,149.0
90,>=2,0,0.8159621976312781,1.0
90,>=2,2,0.8179272808364102,8.0
90,>=2,3,0.5607241718175835,21.0
90,>=2,4,0.6730970887010987,55.0
90,>=2,5,,149.0
91,0-1,0,0.6102279936354247,1.0
91,0-1,2,0.545811383365265,8.0
91,0-1,3,0.5848884650586881,21.0
91,0-1,4,0.542355712662224,55.0
91,0-1,5,0.6363917863305936,149.0
91,>=2,0,0.5917179416529897,1.0
91,>=2,2,0.6282088523415355,8.0
91,>=2,3,0.6090565010415545,21.0
91,>=2,4,0.5220795745785899,55.0
91,>=2,5,0.523868234027549,149.0
92,0-1,0,0.833391195049898,1.0
92,0-1,2,0.7673388234331904,8.0
92,0-1,3,0.7616489858140207,21.0
92,0-1,4,0.72350878221128,55.0
92,0-1,5,0.6917149120277469,149.0
92,>=2,0,0.8601006501554722,1.0
92,>=2,2,0.7758476977909081,8.0
92,>=2,3,0.6227470653866829,21.0
92,>=2,4,0.5982527722180477,55.0
92,>=2,5,0.8056843108389797,149.0
93,0-1,0,0.6669911822527612,1.0
93,0-1,2,0.5522599480199124,8.0
93,0-1,3,0.5887339301563727,21.0
93,0-1,4,0.5063076509423099,55.0
93,0-1,5,0.275,149.0
93,>=2,0,0.4043495007238094,1.0
93,>=2,2,0.6488552929614316,8.0
93,>=2,3,0.45525829633440174,21.0
93,>=2,4,0.625,55.0
93,>=2,5,,149.0
94,0-1,0,0.8507719376992717,1.0
94,0-1,2,0.803188436050035,8.0
94,0-1,3,0.8290319459177704,21.0
94,0-1,4,0.7921495192084202,55.0
94,0-1,5,0.756356218471586,149.0
94,>=2,0,0.8378852537683557,1.0
94,>=2,2,0.7100995354704751,8.0
94,>=2,3,0.6509921610067282,21.0
94,>=2,4,0.7631961876970306,55.0
94,>=2,5,,149.0
95,0-1,0,0.5546663403562642,1.0
95,0-1,2,0.5579741795278482,8.0
95,0-1,3,0.4531168085344507,21.0
95,0-1,4,0.3875368283605809,55.0
95,0-1,5,,149.0
95,>=2,0,0.5039728782209383,1.0
95,>=2,2,0.5657705767459096,8.0
95,>=2,3,0.5762153918039986,21.0
95,>=2,4,,55.0
95,>=2,5,,149.0
96,0-1,0,0.9358569115268837,1.0
96,0-1,2,0.8839215673372175,8.0
96,0-1,3,0.8573520283135136,21.0
96,0-1,4,0.7503727086787213,55.0
96,0-1,5,0.5889596197495063,149.0
96,>=2,0,0.9327909735958622,1.0
96,>=2,2,0.8520681690315302,8.0
96,>=2,3,0.7979674717132801,21.0
96,>=2,4,0.5066607688444483,55.0
96,>=2,5,0.5272979651189346,149.0
97,0-1,0,0.5010435172441962,1.0
97,0-1,2,0.6084873834510329,8.0
97,0-1,3,0.522329563499623,21.0
97,0-1,4,0.4750485698654765,55.0
97,0-1,5,0.402233380088867,149.0
97,>=2,0,0.705895878344561,1.0
97,>=2,2,0.5452241331616409,8.0
97,>=2,3,0.630651007457762,21.0
97,>=2,4,0.5861597377650746,55.0
97,>=2,5,0.4379659586399398,149.0
98,0-1,0,0.5682221398874643,1.0
98,0-1,2,0.37538178346474066,8.0
98,0-1,3,0.41454916212391074,21.0
98,0-1,4,0.553261481537724,55.0
98,0-1,5,0.4564435177024204,149.0
98,>=2,0,0.4079253428750353,1.0
98,>=2,2,0.4376141118215817,8.0
98,>=2,3,0.7187091546397251,21.0
98,>=2,4,0.5086764563388289,55.0
98,>=2,5,0.5263750790245354,149.0
100,0-1,0,0.37973928129998524,1.0
100,0-1,2,0.5383372900308797,8.0
100,0-1,3,0.4964372305484543,21.0
100,0-1,4,0.47727985768972203,55.0
100,0-1,5,0.5592511302774432,149.0
100,>=2,0,0.5000404403261756,1.0
100,>=2,2,0.5233199787098868,8.0
100,>=2,3,0.5152991652450315,21.0
100,>=2,4,0.4566548406398334,55.0
100,>=2,5,0.5109182045342201,149.0
101,0-1,0,0.9656763433968398,1.0
101,0-1,2,0.9783892266565334,8.0
101,0-1,3,0.9618951617167844,21.0
101,0-1,4,0.9335233313230485,55.0
101,0-1,5,0.7550888453874826,149.0
101,>=2,0,0.9861111111111112,1.0
101,>=2,2,0.9775437526666616,8.0
101,>=2,3,0.9444444444444444,21.0
101,>=2,4,0.9166666666666665,55.0
101,>=2,5,,149.0
102,0-1,0,0.511676377323833,1.0
102,0-1,2,0.486133507490192,8.0
102,0-1,3,0.4944499649532338,21.0
102,0-1,4,0.5942816072219557,55.0
102,0-1,5,0.6699987412742805,149.0
102,>=2,0,0.503905613622,1.0
102,>=2,2,0.45306630814941423,8.0
102,>=2,3,0.45084151017907764,21.0
102,>=2,4,0.4022024926795977,55.0
102,>=2,5,,149.0
103,0-1,0,0.6246426798330427,1.0
103,0-1,2,0.5488250333214693,8.0
103,0-1,3,0.49545558783086174,21.0
103,0-1,4,0.4663848543004233,55.0
103,0-1,5,0.5946339421066233,149.0
103,>=2,0,0.44534999343632375,1.0
103,>=2,2,0.49757988543926573,8.0
103,>=2,3,0.5656941959583232,21.0
103,>=2,4,0.6189695453684286,55.0
103,>=2,5,0.5801348966993283,149.0
104,0-1,0,0.5699286200739981,1.0
104,0-1,2,0.3990288033345581,8.0
104,0-1,3,0.5147965886068676,21.0
104,0-1,4,0.4901373051281855,55.0
104,0-1,5,0.7673449715373258,149.0
104,>=2,0,0.5374721631964929,1.0
104,>=2,2,0.5034281501400556,8.0
104,>=2,3,0.3093346423926173,21.0
104,>=2,4,0.46617468798473294,55.0
104,>=2,5,,149.0
105,0-1,0,0.7117410838420977,1.0
105,0-1,2,0.8060237769558942,8.0
105,0-1,3,0.9107239444440085,21.0
105,0-1,4,0.6821058129626858,55.0
105,0-1,5,0.7401409545755152,149.0
105,>=2,0,0.6686764959899067,1.0
105,>=2,2,0.6957087539307477,8.0
105,>=2,3,0.49588740486322724,21.0
105,>=2,4,0.8807212221419327,55.0
105,>=2,5,0.16666666666666669,149.0
106,0-1,0,0.7010836085056645,1.0
106,0-1,2,0.5701523787133836,8.0
106,0-1,3,0.571641568437764,21.0
106,0-1,4,0.4793666207184227,55.0
106,0-1,5,0.48956667249844543,149.0
106,>=2,0,0.36112880539393744,1.0
106,>=2,2,0.498727909760076,8.0
106,>=2,3,0.6367326451102571,21.0
106,>=2,4,0.382865999153996,55.0
106,>=2,5,,149.0
107,0-1,0,0.7322538480543234,1.0
107,0-1,2,0.7282433644383611,8.0
107,0-1,3,0.5775178512946519,21.0
107,0-1,4,0.44308419482574113,55.0
107,0-1,5,0.5378618156545714,149.0
107,>=2,0,0.7505617601711068,1.0
107,>=2,2,0.623039698995699,8.0
107,>=2,3,0.5209314760347113,21.0
107,>=2,4,0.5474267306787403,55.0
107,>=2,5,,149.0
108,0-1,0,0.606911916945567,1.0
108,0-1,2,0.5026658662983374,8.0
108,0-1,3,0.48798983253137046,21.0
108,0-1,4,0.45341199209196714,55.0
108,0-1,5,0.34713082289912006,149.0
108,>=2,0,0.36796955782630003,1.0
108,>=2,2,0.55961394815915,8.0
108,>=2,3,0.5003465388888174,21.0
108,>=2,4,0.5793270394891281,55.0
108,>=2,5,,149.0
109,0-1,0,0.8692139630845965,1.0
109,0-1,2,0.8864314828651745,8.0
109,0-1,3,0.9268411873693699,21.0
109,0-1,4,0.4437627748901029,55.0
109,0-1,5,,149.0
109,>=2,0,0.8141670641027297,1.0
109,>=2,2,0.7747156405372408,8.0
109,>=2,3,0.8241583744069205,21.0
109,>=2,4,,55.0
109,>=2,5,,149.0
110,0-1,0,0.7685332535795109,1.0
110,0-1,2,0.49557126096059223,8.0
110,0-1,3,0.6553508761674665,21.0
110,0-1,4,0.5422101010714143,55.0
110,0-1,5,0.49749678220741833,149.0
110,>=2,0,0.5104189517039386,1.0
110,>=2,2,0.6179692538325199,8.0
110,>=2,3,0.5994251047327259,21.0
110,>=2,4,0.5640845464303768,55.0
110,>=2,5,,149.0
111,0-1,0,0.5036414726644562,1.0
111,0-1,2,0.449615002489317,8.0
111,0-1,3,0.5376719355755787,21.0
111,0-1,4,0.3091267146021689,55.0
111,0-1,5,0.40487482421274185,149.0
111,>=2,0,0.5205592285915704,1.0
111,>=2,2,0.43555709625223454,8.0
111,>=2,3,0.1875,21.0
111,>=2,4,0.5441852254825686,55.0
111,>=2,5,,149.0
112,0-1,0,0.475929049950937,1.0
112,0-1,2,0.5014579218253269,8.0
112,0-1,3,0.5715194753711689,21.0
112,0-1,4,0.54445148759166,55.0
112,0-1,5,0.3838960848237677,149.0
112,>=2,0,0.6389367081711244,1.0
112,>=2,2,0.5741167520602808,8.0
112,>=2,3,0.5478236056812272,21.0
112,>=2,4,0.675001243894263,55.0
112,>=2,5,,149.0
113,0-1,0,0.418398868323256,1.0
113,0-1,2,0.5522883214897957,8.0
113,0-1,3,0.5506788287283192,21.0
113,0-1,4,0.49856317240077547,55.0
113,0-1,5,0.5747331286773443,149.0
113,>=2,0,0.48738413018635346,1.0
113,>=2,2,0.6242279071965238,8.0
113,>=2,3,0.5179962078199495,21.0
113,>=2,4,0.43782475491203343,55.0
113,>=2,5,,149.0
114,0-1,0,0.9166666666666666,1.0
114,0-1,2,0.8325400717600201,8.0
114,0-1,3,0.7299762981237331,21.0
114,0-1,4,0.7944699381601582,55.0
114,0-1,5,0.7388027792628201,149.0
114,>=2,0,0.6054669485342613,1.0
114,>=2,2,0.5508810680137056,8.0
114,>=2,3,0.5954911775990981,21.0
114,>=2,4,0.29999999999999993,55.0
114,>=2,5,0.5,149.0
115,0-1,0,0.49503338699789085,1.0
115,0-1,2,0.3463922254928525,8.0
115,0-1,3,0.49494255989318636,21.0
115,0-1,4,0.4774508699457204,55.0
115,0-1,5,0.5176204449488707,149.0
115,>=2,0,0.21694823264342028,1.0
115,>=2,2,0.44183721017261973,8.0
115,>=2,3,0.7039751571503101,21.0
115,>=2,4,0.46291282352982105,55.0
115,>=2,5,0.7434208623903429,149.0
116,0-1,0,0.5263120149774752,1.0
116,0-1,2,0.5365857970824446,8.0
116,0-1,3,0.5216476130918879,21.0
116,0-1,4,0.5288996348809969,55.0
116,0-1,5,0.5493607630706011,149.0
116,>=2,0,0.5423199795602726,1.0
116,>=2,2,0.5737296766349007,8.0
116,>=2,3,0.5541807923129873,21.0
116,>=2,4,0.5310646509608523,55.0
116,>=2,5,0.5847929426068635,149.0
117,0-1,0,0.8651871380585587,1.0
117,0-1,2,0.9548186569345232,8.0
117,0-1,3,0.9183237817780878,21.0
117,0-1,4,0.9121465364807673,55.0
117,0-1,5,0.595033353964855,149.0
117,>=2,0,0.960379449570792,1.0
117,>=2,2,0.9037035884475736,8.0
117,>=2,3,0.9539277946453955,21.0
117,>=2,4,0.8477003677415573,55.0
117,>=2,5,,149.0
118,0-1,0,0.5531626154895597,1.0
118,0-1,2,0.40568436880875053,8.0
118,0-1,3,0.5215868473354142,21.0
118,0-1,4,0.5134173180711818,55.0
118,0-1,5,0.41432816722765375,149.0
118,>=2,0,0.42125231461229196,1.0
118,>=2,2,0.49239156057224304,8.0
118,>=2,3,0.6707725258059112,21.0
118,>=2,4,0.5168429412940103,55.0
118,>=2,5,,149.0
119,0-1,0,0.5310635977079488,1.0
119,0-1,2,0.5531345883748643,8.0
119,0-1,3,0.5581062667974739,21.0
119,0-1,4,0.6530457013605756,55.0
119,0-1,5,,149.0
119,>=2,0,0.556908163653357,1.0
119,>=2,2,0.4622248592226689,8.0
119,>=2,3,0.556024715109074,21.0
119,>=2,4,0.6239007660762799,55.0
119,>=2,5,,149.0
121,0-1,0,0.9322556961968138,1.0
121,0-1,2,0.98114719818052,8.0
121,0-1,3,0.9588775040308867,21.0
121,0-1,4,0.9707034194981623,55.0
121,0-1,5,0.7073383434974915,149.0
121,>=2,0,0.9701495438160478,1.0
121,>=2,2,0.9507510868194486,8.0
121,>=2,3,0.9532588534281715,21.0
121,>=2,4,0.5264438780147657,55.0
121,>=2,5,,149.0
123,0-1,0,0.9658227518424815,1.0
123,0-1,2,0.8994737217743698,8.0
123,0-1,3,0.8964089111304847,21.0
123,0-1,4,0.8678074609150349,55.0
123,0-1,5,0.8563584022431621,149.0
123,>=2,0,0.9500880038436348,1.0
123,>=2,2,0.9270383186149018,8.0
123,>=2,3,0.8079307619145883,21.0
123,>=2,4,0.8792112295050649,55.0
123,>=2,5,,149.0
124,0-1,0,0.4822765187140582,1.0
124,0-1,2,0.5565583299602193,8.0
124,0-1,3,0.5290770393241793,21.0
124,0-1,4,0.47358777626511367,55.0
124,0-1,5,0.4833206695589829,149.0
124,>=2,0,0.41073971721065716,1.0
124,>=2,2,0.5071105118548318,8.0
124,>=2,3,0.5218320760246971,21.0
124,>=2,4,0.5260894519506667,55.0
124,>=2,5,,149.0
125,0-1,0,0.8763071124167705,1.0
125,0-1,2,0.8538456539451724,8.0
125,0-1,3,0.7515253416833473,21.0
125,0-1,4,0.8393767971829691,55.0
125,0-1,5,0.7143069013520973,149.0
125,>=2,0,0.7693501369686692,1.0
125,>=2,2,0.7279815855921057,8.0
125,>=2,3,0.8635608066050373,21.0
125,>=2,4,0.6397311120486847,55.0
125,>=2,5,0.8379306679767216,149.0
126,0-1,0,0.9307068346271321,1.0
126,0-1,2,0.9785334609791122,8.0
126,0-1,3,0.9554919179459279,21.0
126,0-1,4,0.84102785286181,55.0
126,0-1,5,0.8920512424224492,149.0
126,>=2,0,0.9756106574855231,1.0
126,>=2,2,0.8928571428571429,8.0
126,>=2,3,0.8891728102191656,21.0
126,>=2,4,0.875,55.0
126,>=2,5,,149.0
127,0-1,0,0.7963297772761155,1.0
127,0-1,2,0.8822227262778284,8.0
127,0-1,3,0.713544334023492,21.0
127,0-1,4,0.6312684564584381,55.0
127,0-1,5,0.5043521741187696,149.0
127,>=2,0,0.8497645108240989,1.0
127,>=2,2,0.8400677575722904,8.0
127,>=2,3,0.7817420299183827,21.0
127,>=2,4,0.7932645020433939,55.0
127,>=2,5,0.8083256602787856,149.0
128,0-1,0,0.728690198397409,1.0
128,0-1,2,0.8651878510234763,8.0
128,0-1,3,0.6682469818457849,21.0
128,0-1,4,0.6583299671464025,55.0
128,0-1,5,,149.0
128,>=2,0,0.7522800403759923,1.0
128,>=2,2,0.6236748560815185,8.0
128,>=2,3,0.855536654042675,21.0
128,>=2,4,,55.0
128,>=2,5,,149.0
130,0-1,0,0.8423724849183907,1.0
130,0-1,2,0.8546318756977422,8.0
130,0-1,3,0.7339128848774179,21.0
130,0-1,4,0.6812099140425462,55.0
130,0-1,5,0.031249999999999962,149.0
130,>=2,0,0.4949647241366035,1.0
130,>=2,2,0.5620287436383335,8.0
130,>=2,3,0.6905815410939137,21.0
130,>=2,4,0.6562831968971039,55.0
130,>=2,5,,149.0
131,0-1,0,0.9499999999999998,1.0
131,0-1,2,0.9862726146117072,8.0
131,0-1,3,0.9728114873910425,21.0
131,0-1,4,0.95552950014011,55.0
131,0-1,5,0.8987367259406154,149.0
131,>=2,0,0.9757658404446231,1.0
131,>=2,2,0.9672468685960197,8.0
131,>=2,3,0.9306762886384596,21.0
131,>=2,4,0.8921659481082056,55.0
131,>=2,5,0.7500000000000002,149.0
132,0-1,0,0.8292690686482879,1.0
132,0-1,2,0.7971382689053171,8.0
132,0-1,3,0.8665116690852879,21.0
132,0-1,4,0.6756890447851804,55.0
132,0-1,5,0.5263750790245354,149.0
132,>=2,0,0.8486377216398164,1.0
132,>=2,2,0.8387918851128457,8.0
132,>=2,3,0.7305139553558831,21.0
132,>=2,4,0.8597510467490705,55.0
132,>=2,5,,149.0
133,0-1,0,0.5220592457344909,1.0
133,0-1,2,0.6350068298638332,8.0
133,0-1,3,0.6117026937624044,21.0
133,0-1,4,0.5160358496460479,55.0
133,0-1,5,0.5905156795001294,149.0
133,>=2,0,0.38583742106080915,1.0
133,>=2,2,0.5984889914564971,8.0
133,>=2,3,0.4640036309448526,21.0
133,>=2,4,0.40272498709585886,55.0
133,>=2,5,,149.0
134,0-1,0,0.02941176470588237,1.0
134,0-1,2,0.20477694766350052,8.0
134,0-1,3,0.47026022066765283,21.0
134,0-1,4,0.4426105431498363,55.0
134,0-1,5,,149.0
134,>=2,0,0.14024077796207834,1.0
134,>=2,2,0.1484325488957483,8.0
134,>=2,3,0.2738165262730768,21.0
134,>=2,4,0.6809913088135524,55.0
134,>=2,5,,149.0
135,0-1,0,0.8265383767265998,1.0
135,0-1,2,0.6292758494520474,8.0
135,0-1,3,0.6162481314538251,21.0
135,0-1,4,0.49754191012098087,55.0
135,0-1,5,0.44453100582164756,149.0
135,>=2,0,0.6765723253274483,1.0
135,>=2,2,0.48637878400700685,8.0
135,>=2,3,0.47656829648654847,21.0
135,>=2,4,0.48882939670933057,55.0
135,>=2,5,,149.0
136,0-1,0,0.9444444444444444,1.0
136,0-1,2,0.9887202965945479,8.0
136,0-1,3,0.9947961278627978,21.0
136,0-1,4,0.966643410948802,55.0
136,0-1,5,0.9331124491622611,149.0
136,>=2,0,0.9722222222222222,1.0
136,>=2,2,0.9467501063512941,8.0
136,>=2,3,0.9615384615384616,21.0
136,>=2,4,0.8160107070107131,55.0
136,>=2,5,0.8268183534694609,149.0
137,0-1,0,0.987580398729046,1.0
137,0-1,2,0.9629853431344297,8.0
137,0-1,3,0.9221393447780758,21.0
137,0-1,4,0.7120556057753119,55.0
137,0-1,5,,149.0
137,>=2,0,0.955387044424248,1.0
137,>=2,2,0.9516082306663772,8.0
137,>=2,3,0.8999999999999999,21.0
137,>=2,4,0.8333333333333333,55.0
137,>=2,5,,149.0
138,0-1,0,0.6292782555183362,1.0
138,0-1,2,0.6533103068599991,8.0
138,0-1,3,0.6101008655907859,21.0
138,0-1,4,0.6554260084247397,55.0
138,0-1,5,0.6946884210248905,149.0
138,>=2,0,0.5880915310054668,1.0
138,>=2,2,0.558315550609606,8.0
138,>=2,3,0.6084569318317883,21.0
138,>=2,4,0.6353600641888144,55.0
138,>=2,5,,149.0
139,0-1,0,0.686649273928612,1.0
139,0-1,2,0.6662830531372449,8.0
139,0-1,3,0.5451798696789182,21.0
139,0-1,4,0.5445248054639554,55.0
139,0-1,5,,149.0
139,>=2,0,0.6616418235161698,1.0
139,>=2,2,0.4470050318238322,8.0
139,>=2,3,0.5622037808491822,21.0
139,>=2,4,0.24999999999999994,55.0
139,>=2,5,,149.0
140,0-1,0,0.4485047863872598,1.0
140,0-1,2,0.5135308456048183,8.0
140,0-1,3,0.5045811009032029,21.0
140,0-1,4,0.4872510379903255,55.0
140,0-1,5,0.4621630056419006,149.0
140,>=2,0,0.4633849018002763,1.0
140,>=2,2,0.5656417699586983,8.0
140,>=2,3,0.5276453347954335,21.0
140,>=2,4,0.5090645693251439,55.0
140,>=2,5,0.5536537198157926,149.0
141,0-1,0,0.9443460055726118,1.0
141,0-1,2,0.9354130303799517,8.0
141,0-1,3,0.9573544905785685,21.0
141,0-1,4,0.9647118996307056,55.0
141,0-1,5,0.5263750790245354,149.0
141,>=2,0,0.9857966989041405,1.0
141,>=2,2,0.9679961035745067,8.0
141,>=2,3,0.941758836403564,21.0
141,>=2,4,0.8884235549463892,55.0
141,>=2,5,,149.0
142,0-1,0,0.6097023104357897,1.0
142,0-1,2,0.6774130544515091,8.0
142,0-1,3,0.5200124848447911,21.0
142,0-1,4,0.5801643456995611,55.0
142,0-1,5,0.47636165619472687,149.0
142,>=2,0,0.5942446353548293,1.0
142,>=2,2,0.4746699228846486,8.0
142,>=2,3,0.5212568121216017,21.0
142,>=2,4,0.6465315010145822,55.0
142,>=2,5,0.514702375203012,149.0
143,0-1,0,0.9193548387096774,1.0
143,0-1,2,0.9163599369685264,8.0
143,0-1,3,0.9473392912683805,21.0
143,0-1,4,0.5965414450286153,55.0
143,0-1,5,,149.0
143,>=2,0,0.9620048978248686,1.0
143,>=2,2,0.979616166828349,8.0
143,>=2,3,0.6048659928526834,21.0
143,>=2,4,0.840917868552165,55.0
143,>=2,5,,149.0
144,0-1,0,0.7431519551103215,1.0
144,0-1,2,0.8761713668585627,8.0
144,0-1,3,0.8573677378020141,21.0
144,0-1,4,0.7413781855461286,55.0
144,0-1,5,0.6421866156457962,149.0
144,>=2,0,0.8869269107715787,1.0
144,>=2,2,0.6639280280815707,8.0
144,>=2,3,0.8312228938430035,21.0
144,>=2,4,0.7866550577567915,55.0
144,>=2,5,0.45968986501497544,149.0
145,0-1,0,0.6698646388302789,1.0
145,0-1,2,0.580110585096651,8.0
145,0-1,3,0.5847142114490256,21.0
145,0-1,4,0.7305741169005211,55.0
145,0-1,5,,149.0
145,>=2,0,0.5100686448214367,1.0
145,>=2,2,0.606006084239887,8.0
145,>=2,3,0.5861483542433655,21.0
145,>=2,4,0.5532839733664477,55.0
145,>=2,5,,149.0
146,0-1,0,0.7652867453776342,1.0
146,0-1,2,0.7627850979837351,8.0
146,0-1,3,0.690725533426831,21.0
146,0-1,4,0.5,55.0
146,0-1,5,,149.0
146,>=2,0,0.7591540918239846,1.0
146,>=2,2,0.6986794405802577,8.0
146,>=2,3,0.34727033644717237,21.0
146,>=2,4,,55.0
146,>=2,5,,149.0
147,0-1,0,0.9510129361154656,1.0
147,0-1,2,0.9608760394656497,8.0
147,0-1,3,0.9550351287113052,21.0
147,0-1,4,0.8163360518086433,55.0
147,0-1,5,0.8840387008032484,149.0
147,>=2,0,0.9279922425034343,1.0
147,>=2,2,0.9572700168002372,8.0
147,>=2,3,0.7490477498612311,21.0
147,>=2,4,0.642857142857143,55.0
147,>=2,5,,149.0
148,0-1,0,0.5352330405876601,1.0
148,0-1,2,0.47291306025928903,8.0
148,0-1,3,0.5239549544012208,21.0
148,0-1,4,0.5000413508173301,55.0
148,0-1,5,,149.0
148,>=2,0,0.5077499414616554,1.0
148,>=2,2,0.5833592544737365,8.0
148,>=2,3,0.45256104620201903,21.0
148,>=2,4,0.5890476020932918,55.0
148,>=2,5,,149.0
149,0-1,0,0.8357863491487398,1.0
149,0-1,2,0.8837651767925203,8.0
149,0-1,3,0.8758495085632543,21.0
149,0-1,4,0.7389947045012453,55.0
149,0-1,5,0.8552109606890981,149.0
149,>=2,0,0.9032772185464341,1.0
149,>=2,2,0.8585217974720218,8.0
149,>=2,3,0.6428571428571429,21.0
149,>=2,4,0.7837986971947435,55.0
149,>=2,5,,149.0
150,0-1,0,0.48135284357351266,1.0
150,0-1,2,0.5114540335235893,8.0
150,0-1,3,0.4844918940832154,21.0
150,0-1,4,0.6004698183088755,55.0
150,0-1,5,,149.0
150,>=2,0,0.45772773394731114,1.0
150,>=2,2,0.5688464862061591,8.0
150,>=2,3,0.6282534314311292,21.0
150,>=2,4,0.31387214884235515,55.0
150,>=2,5,,149.0
152,0-1,0,0.8403595829766245,1.0
152,0-1,2,0.4841756251606359,8.0
152,0-1,3,0.5269993739441933,21.0
152,0-1,4,0.5305388998363206,55.0
152,0-1,5,0.5388317202149778,149.0
152,>=2,0,0.5183385653568578,1.0
152,>=2,2,0.041666666666666755,8.0
152,>=2,3,0.5265710328113685,21.0
152,>=2,4,0.29792518988396816,55.0
152,>=2,5,,149.0
153,0-1,0,0.9024740981161291,1.0
153,0-1,2,0.8799490251900584,8.0
153,0-1,3,0.8828686331634241,21.0
153,0-1,4,0.6065041424209429,55.0
153,0-1,5,0.7232569130145475,149.0
153,>=2,0,0.8861172955397445,1.0
153,>=2,2,0.9124787160651909,8.0
153,>=2,3,0.8497280682086238,21.0
153,>=2,4,0.7500000000000002,55.0
153,>=2,5,,149.0
155,0-1,0,0.9597028739402489,1.0
155,0-1,2,0.9382224453124457,8.0
155,0-1,3,0.922122032352431,21.0
155,0-1,4,0.8641069231907225,55.0
155,0-1,5,0.783857404444166,149.0
155,>=2,0,0.9049977608087945,1.0
155,>=2,2,0.9457822370312045,8.0
155,>=2,3,0.791797985952168,21.0
155,>=2,4,0.7500000000000001,55.0
155,>=2,5,,149.0
156,0-1,0,0.983551201850969,1.0
156,0-1,2,0.9776878924688479,8.0
156,0-1,3,0.9648866723593807,21.0
156,0-1,4,0.7215906996290872,55.0
156,0-1,5,,149.0
156,>=2,0,0.9912931201776608,1.0
156,>=2,2,0.9815833264683242,8.0
156,>=2,3,0.9545454545454546,21.0
156,>=2,4,0.7906763936196601,55.0
156,>=2,5,,149.0
157,0-1,0,0.888027230718605,1.0
157,0-1,2,0.7742609121215762,8.0
157,0-1,3,0.6420547460000556,21.0
157,0-1,4,0.5860580502715498,55.0
157,0-1,5,,149.0
157,>=2,0,0.8517739825071253,1.0
157,>=2,2,0.812917775185346,8.0
157,>=2,3,0.9104523893526106,21.0
157,>=2,4,0.2499999999999999,55.0
157,>=2,5,,149.0
159,0-1,0,0.7570401543966632,1.0
159,0-1,2,0.6266397180843559,8.0
159,0-1,3,0.6398309768515461,21.0
159,0-1,4,0.6569285921758057,55.0
159,0-1,5,0.3312395917543479,149.0
159,>=2,0,0.7674520195595866,1.0
159,>=2,2,0.7735925828828916,8.0
159,>=2,3,0.7138322694569949,21.0
159,>=2,4,0.7458518080381863,55.0
159,>=2,5,,149.0
160,0-1,0,0.7214279675389844,1.0
160,0-1,2,0.6638288344978249,8.0
160,0-1,3,0.5196602495378254,21.0
160,0-1,4,0.5003880796816857,55.0
160,0-1,5,,149.0
160,>=2,0,0.7122132754860141,1.0
160,>=2,2,0.6054133480655969,8.0
160,>=2,3,0.64631537241589,21.0
160,>=2,4,0.6794426781598178,55.0
160,>=2,5,,149.0
161,0-1,0,0.47622072877908384,1.0
161,0-1,2,0.45572871037717083,8.0
161,0-1,3,0.5165487097450714,21.0
161,0-1,4,0.4778875493118344,55.0
161,0-1,5,,149.0
161,>=2,0,0.4837053939505459,1.0
161,>=2,2,0.3658261865310654,8.0
161,>=2,3,0.5136932199197998,21.0
161,>=2,4,0.47135692194033724,55.0
161,>=2,5,,149.0
162,0-1,0,0.8012110268909596,1.0
162,0-1,2,0.646425368326579,8.0
162,0-1,3,0.6246525343327792,21.0
162,0-1,4,0.614561709624097,55.0
162,0-1,5,0.24999999999999994,149.0
162,>=2,0,0.8024489543125768,1.0
162,>=2,2,0.7766202023875666,8.0
162,>=2,3,0.7394682221151203,21.0
162,>=2,4,0.6118902738017821,55.0
162,>=2,5,,149.0
163,0-1,0,0.6813228700718055,1.0
163,0-1,2,0.471147286958378,8.0
163,0-1,3,0.5265758130023277,21.0
163,0-1,4,0.557827174136263,55.0
163,0-1,5,,149.0
163,>=2,0,0.5318920010657656,1.0
163,>=2,2,0.4787104368039669,8.0
163,>=2,3,0.4650058114566434,21.0
163,>=2,4,0.3560604159595248,55.0
163,>=2,5,,149.0
164,0-1,0,0.6890265319769516,1.0
164,0-1,2,0.6287443576760332,8.0
164,0-1,3,0.5702116064183461,21.0
164,0-1,4,0.5441610716814284,55.0
164,0-1,5,0.30752568795149376,149.0
164,>=2,0,0.635443166015669,1.0
164,>=2,2,0.7023896374296489,8.0
164,>=2,3,0.5430134881377301,21.0
164,>=2,4,0.24999999999999994,55.0
164,>=2,5,,149.0
165,0-1,0,0.8977167504136221,1.0
165,0-1,2,0.49521846305729345,8.0
165,0-1,3,0.4705960294598407,21.0
165,0-1,4,0.4186081650818688,55.0
165,0-1,5,,149.0
165,>=2,0,0.5593055613519942,1.0
165,>=2,2,0.5193153670210844,8.0
165,>=2,3,0.4331525322460159,21.0
165,>=2,4,,55.0
165,>=2,5,,149.0
166,0-1,0,0.6399319525773144,1.0
166,0-1,2,0.5823539674204665,8.0
166,0-1,3,0.6124853506588894,21.0
166,0-1,4,0.551844719061053,55.0
166,0-1,5,,149.0
166,>=2,0,0.553897701523534,1.0
166,>=2,2,0.5246041486389277,8.0
166,>=2,3,0.5452995394369119,21.0
166,>=2,4,0.6379654671828349,55.0
166,>=2,5,,149.0
168,0-1,0,0.9,1.0
168,0-1,2,0.925019359996124,8.0
168,0-1,3,0.921681056953564,21.0
168,0-1,4,0.9329922391358012,55.0
168,0-1,5,0.8950026589423843,149.0
168,>=2,0,0.9640131837905979,1.0
168,>=2,2,0.831510291996161,8.0
168,>=2,3,0.7746678204219583,21.0
168,>=2,4,0.8353908544678499,55.0
168,>=2,5,,149.0
169,0-1,0,0.685887795673592,1.0
169,0-1,2,0.6022315021552354,8.0
169,0-1,3,0.5440069259055447,21.0
169,0-1,4,0.49840077008454886,55.0
169,0-1,5,,149.0
169,>=2,0,0.6746928820027097,1.0
169,>=2,2,0.579541637365582,8.0
169,>=2,3,0.6900661211577349,21.0
169,>=2,4,0.3624389835630813,55.0
169,>=2,5,,149.0
170,0-1,0,0.5996826190123062,1.0
170,0-1,2,0.6443749939513206,8.0
170,0-1,3,0.6410517299778842,21.0
170,0-1,4,0.5803608809873193,55.0
170,0-1,5,0.5654298710312492,149.0
170,>=2,0,0.604484202717303,1.0
170,>=2,2,0.6253559768142484,8.0
170,>=2,3,0.6183367852488136,21.0
170,>=2,4,0.5753356114940603,55.0
170,>=2,5,0.559391540898569,149.0
171,0-1,0,0.5909491816381438,1.0
171,0-1,2,0.6325728960201251,8.0
171,0-1,3,0.6276636627605456,21.0
171,0-1,4,0.5897722941084096,55.0
171,0-1,5,0.6167252722488477,149.0
171,>=2,0,0.5989927128789359,1.0
171,>=2,2,0.6215376198137004,8.0
171,>=2,3,0.6175708376191482,21.0
171,>=2,4,0.6048863080437192,55.0
171,>=2,5,,149.0
172,0-1,0,0.40554317798083295,1.0
172,0-1,2,0.41350000284951716,8.0
172,0-1,3,0.426469263360082,21.0
172,0-1,4,0.3718298288540498,55.0
172,0-1,5,0.5795811023688927,149.0
172,>=2,0,0.4754985844214688,1.0
172,>=2,2,0.49444138482006766,8.0
172,>=2,3,0.21190034179157785,21.0
172,>=2,4,0.4183784012806733,55.0
172,>=2,5,,149.0
173,0-1,0,0.3876197903894524,1.0
173,0-1,2,0.4595956300281126,8.0
173,0-1,3,0.5554301606906024,21.0
173,0-1,4,0.5483955466293783,55.0
173,0-1,5,,149.0
173,>=2,0,0.5553297380753479,1.0
173,>=2,2,0.412232543699108,8.0
173,>=2,3,0.7199311486659569,21.0
173,>=2,4,0.4954427370485693,55.0
173,>=2,5,,149.0
174,0-1,0,0.6358470178531527,1.0
174,0-1,2,0.716337484619421,8.0
174,0-1,3,0.6067444035481837,21.0
174,0-1,4,0.718339135031796,55.0
174,0-1,5,,149.0
174,>=2,0,0.6802294507736018,1.0
174,>=2,2,0.7142994488365265,8.0
174,>=2,3,0.6490636298787793,21.0
174,>=2,4,0.564795766657845,55.0
174,>=2,5,,149.0
175,0-1,0,0.5889117483755626,1.0
175,0-1,2,0.4713317843969731,8.0
175,0-1,3,0.5079344931713298,21.0
175,0-1,4,0.4908847344384947,55.0
175,0-1,5,,149.0
175,>=2,0,0.431477919732347,1.0
175,>=2,2,0.5788030748189139,8.0
175,>=2,3,0.620730254262457,21.0
175,>=2,4,,55.0
175,>=2,5,,149.0
176,0-1,0,0.545663385787105,1.0
176,0-1,2,0.424917324107039,8.0
176,0-1,3,0.5376220881930818,21.0
176,0-1,4,0.5935664918721401,55.0
176,0-1,5,,149.0
176,>=2,0,0.4705720035349496,1.0
176,>=2,2,0.5656048621670842,8.0
176,>=2,3,0.5930834510541513,21.0
176,>=2,4,0.5122746483253925,55.0
176,>=2,5,,149.0
178,0-1,0,0.8957640987417861,1.0
178,0-1,2,0.9361645043985701,8.0
178,0-1,3,0.8856865003677648,21.0
178,0-1,4,0.8355673065025004,55.0
178,0-1,5,0.6679545730574289,149.0
178,>=2,0,0.9051623070967441,1.0
178,>=2,2,0.9485043204814724,8.0
178,>=2,3,0.9041401366816963,21.0
178,>=2,4,,55.0
178,>=2,5,0.5263750790245354,149.0
179,0-1,0,0.6753623111912965,1.0
179,0-1,2,0.8272685651443099,8.0
179,0-1,3,0.7297320440378368,21.0
179,0-1,4,0.665794736515607,55.0
179,0-1,5,0.43939393939393934,149.0
179,>=2,0,0.759473378309424,1.0
179,>=2,2,0.7573013538760038,8.0
179,>=2,3,0.8029990007150305,21.0
179,>=2,4,0.2702408662289739,55.0
179,>=2,5,,149.0
180,0-1,0,0.7932355310603842,1.0
180,0-1,2,0.7371432178956833,8.0
180,0-1,3,0.8299449996956744,21.0
180,0-1,4,0.5208086331211694,55.0
180,0-1,5,0.19884367460158947,149.0
180,>=2,0,0.7532568440386926,1.0
180,>=2,2,0.6493937260064723,8.0
180,>=2,3,0.6292983914156643,21.0
180,>=2,4,0.8401303229004888,55.0
180,>=2,5,,149.0
181,0-1,0,0.806676970513023,1.0
181,0-1,2,0.7777691919720816,8.0
181,0-1,3,0.5956641020170161,21.0
181,0-1,4,0.5160338301507298,55.0
181,0-1,5,0.4850678874226726,149.0
181,>=2,0,0.6820339588059459,1.0
181,>=2,2,0.6785002416238697,8.0
181,>=2,3,0.7482125322273231,21.0
181,>=2,4,0.583807747133765,55.0
181,>=2,5,,149.0
183,0-1,0,0.537064941293001,1.0
183,0-1,2,0.5462356267889965,8.0
183,0-1,3,0.4704748753003197,21.0
183,0-1,4,0.49765050882949396,55.0
183,0-1,5,0.2988331244623964,149.0
183,>=2,0,0.5644108299821023,1.0
183,>=2,2,0.36704356086048584,8.0
183,>=2,3,0.6986616768158287,21.0
183,>=2,4,0.705198885845181,55.0
183,>=2,5,,149.0
184,0-1,0,0.48688698450199314,1.0
184,0-1,2,0.7450214388593812,8.0
184,0-1,3,0.7941916342426872,21.0
184,0-1,4,0.7185023044486257,55.0
184,0-1,5,0.7136606953741635,149.0
184,>=2,0,0.48925942123659627,1.0
184,>=2,2,0.7685114148540313,8.0
184,>=2,3,0.7885629614737113,21.0
184,>=2,4,0.859984900222847,55.0
184,>=2,5,0.7535569466897771,149.0
185,0-1,0,0.9285714285714286,1.0
185,0-1,2,0.9839733171906694,8.0
185,0-1,3,0.9650034653606557,21.0
185,0-1,4,0.9155608412749492,55.0
185,0-1,5,0.8338407946566141,149.0
185,>=2,0,0.9782567236139676,1.0
185,>=2,2,0.9331572568518168,8.0
185,>=2,3,0.9285714285714287,21.0
185,>=2,4,0.8835536257852484,55.0
185,>=2,5,0.8107421238973227,149.0
186,0-1,0,0.5037339567806057,1.0
186,0-1,2,0.5159917267461375,8.0
186,0-1,3,0.4849330141645955,21.0
186,0-1,4,0.5178118813985526,55.0
186,0-1,5,0.45847587871447615,149.0
186,>=2,0,0.553743035892333,1.0
186,>=2,2,0.6613994007973593,8.0
186,>=2,3,0.408167305913219,21.0
186,>=2,4,0.5438166201248044,55.0
186,>=2,5,,149.0
187,0-1,0,0.5461126489904834,1.0
187,0-1,2,0.44127982429269064,8.0
187,0-1,3,0.4444378729900666,21.0
187,0-1,4,0.6121459140501578,55.0
187,0-1,5,0.5300595386220481,149.0
187,>=2,0,0.5142633019751544,1.0
187,>=2,2,0.5238641006119806,8.0
187,>=2,3,0.8111417392659324,21.0
187,>=2,4,0.5159207868566017,55.0
187,>=2,5,,149.0
189,0-1,0,0.7926370757776298,1.0
189,0-1,2,0.779104660665944,8.0
189,0-1,3,0.8642523192689194,21.0
189,0-1,4,0.7981539966807638,55.0
189,0-1,5,0.7421508314393043,149.0
189,>=2,0,0.6444423202804428,1.0
189,>=2,2,0.8048957135170733,8.0
189,>=2,3,0.7813314000794074,21.0
189,>=2,4,0.537432289245309,55.0
189,>=2,5,,149.0
190,0-1,0,0.47422859309762555,1.0
190,0-1,2,0.5354309417309159,8.0
190,0-1,3,0.5448648347633365,21.0
190,0-1,4,0.5327966892499385,55.0
190,0-1,5,,149.0
190,>=2,0,0.6525926352029111,1.0
190,>=2,2,0.5908448971628425,8.0
190,>=2,3,0.4819316960077345,21.0
190,>=2,4,0.45570235963352934,55.0
190,>=2,5,,149.0
192,0-1,0,0.7935751432654665,1.0
192,0-1,2,0.7511786337818158,8.0
192,0-1,3,0.7891236266630959,21.0
192,0-1,4,0.551937781271805,55.0
192,0-1,5,0.6528691771008799,149.0
192,>=2,0,0.8251698042318621,1.0
192,>=2,2,0.7607263661035767,8.0
192,>=2,3,0.7898062122179417,21.0
192,>=2,4,0.8101004973418395,55.0
192,>=2,5,,149.0
193,0-1,0,0.4833342579594579,1.0
193,0-1,2,0.3887277448984691,8.0
193,0-1,3,0.37572220178962434,21.0
193,0-1,4,0.4086890092162646,55.0
193,0-1,5,,149.0
193,>=2,0,0.4452973202142887,1.0
193,>=2,2,0.4046519303697117,8.0
193,>=2,3,0.5309434988565935,21.0
193,>=2,4,0.6661237033655363,55.0
193,>=2,5,,149.0
195,0-1,0,0.96518112677102,1.0
195,0-1,2,0.9745230827451032,8.0
195,0-1,3,0.944808689498477,21.0
195,0-1,4,0.8818463505459144,55.0
195,0-1,5,0.727975588615022,149.0
195,>=2,0,0.9630815453722729,1.0
195,>=2,2,0.9722222222222222,8.0
195,>=2,3,0.9030429701577546,21.0
195,>=2,4,0.7573964943062239,55.0
195,>=2,5,,149.0
196,0-1,0,0.4535417989834374,1.0
196,0-1,2,0.6589902083588463,8.0
196,0-1,3,0.5155047815697327,21.0
196,0-1,4,0.5318082099432169,55.0
196,0-1,5,0.4619090613599717,149.0
196,>=2,0,0.6835429869518935,1.0
196,>=2,2,0.6759292949946386,8.0
196,>=2,3,0.5488129775070598,21.0
196,>=2,4,0.6073807902922155,55.0
196,>=2,5,0.3542391111739318,149.0
197,0-1,0,0.9057014501013201,1.0
197,0-1,2,0.9462491489133223,8.0
197,0-1,3,0.85022565986806,21.0
197,0-1,4,0.7841308316228696,55.0
197,0-1,5,0.7562617313162656,149.0
197,>=2,0,0.8847914915836098,1.0
197,>=2,2,0.7996607465219023,8.0
197,>=2,3,0.8687957722917841,21.0
197,>=2,4,0.8035723437512988,55.0
197,>=2,5,0.8333333333333333,149.0
198,0-1,0,0.3857590019328374,1.0
198,0-1,2,0.45437542669201864,8.0
198,0-1,3,0.4067343417526562,21.0
198,0-1,4,0.44040055241593784,55.0
198,0-1,5,0.47201624757886945,149.0
198,>=2,0,0.5043094400168048,1.0
198,>=2,2,0.4130546621349286,8.0
198,>=2,3,0.43975521936042977,21.0
198,>=2,4,0.5125131377187536,55.0
198,>=2,5,0.5348737966956638,149.0
199,0-1,0,0.8646159844734611,1.0
199,0-1,2,0.8030585420197058,8.0
199,0-1,3,0.8677408623709623,21.0
199,0-1,4,0.7090614019389696,55.0
199,0-1,5,0.4040795201341504,149.0
199,>=2,0,0.9219592694914812,1.0
199,>=2,2,0.889860039179138,8.0
199,>=2,3,0.8180854654638243,21.0
199,>=2,4,0.5342876381476966,55.0
199,>=2,5,,149.0
201,0-1,0,0.9267451964023531,1.0
201,0-1,2,0.9058814710108536,8.0
201,0-1,3,0.8940007057052788,21.0
201,0-1,4,0.8265031042827913,55.0
201,0-1,5,,149.0
201,>=2,0,0.9402634207233113,1.0
201,>=2,2,0.8768826919547361,8.0
201,>=2,3,0.7662700115577766,21.0
201,>=2,4,0.7096715621661471,55.0
201,>=2,5,,149.0
202,0-1,0,0.9262375607616283,1.0
202,0-1,2,0.9037357436687478,8.0
202,0-1,3,0.8993099341695137,21.0
202,0-1,4,0.6899935486863942,55.0
202,0-1,5,0.65286917710088,149.0
202,>=2,0,0.9374370426811686,1.0
202,>=2,2,0.8802204398825741,8.0
202,>=2,3,0.8400584589278782,21.0
202,>=2,4,0.675870110022964,55.0
202,>=2,5,,149.0
205,0-1,0,0.9770233844178304,1.0
205,0-1,2,0.9752653572490783,8.0
205,0-1,3,0.9751514545443576,21.0
205,0-1,4,0.9751545390818647,55.0
205,0-1,5,,149.0
205,>=2,0,0.9861584276295037,1.0
205,>=2,2,0.9791666666666666,8.0
205,>=2,3,0.909669949809076,21.0
205,>=2,4,0.9019407528713346,55.0
205,>=2,5,,149.0
206,0-1,0,0.937348828837846,1.0
206,0-1,2,0.8740448585676936,8.0
206,0-1,3,0.805501224418439,21.0
206,0-1,4,0.4365190444382895,55.0
206,0-1,5,,149.0
206,>=2,0,0.9160706441483294,1.0
206,>=2,2,0.8256087259980847,8.0
206,>=2,3,0.7886115862635724,21.0
206,>=2,4,0.75,55.0
206,>=2,5,,149.0
207,0-1,0,0.5242653169185392,1.0
207,0-1,2,0.6216645944472662,8.0
207,0-1,3,0.515970684655163,21.0
207,0-1,4,0.47930621801854567,55.0
207,0-1,5,0.7363836935203486,149.0
207,>=2,0,0.5548866075823666,1.0
207,>=2,2,0.3398348286473738,8.0
207,>=2,3,0.5644466355584139,21.0
207,>=2,4,0.4136620666664217,55.0
207,>=2,5,,149.0
208,0-1,0,0.5427000547482543,1.0
208,0-1,2,0.3957970300740946,8.0
208,0-1,3,0.5311451236470615,21.0
208,0-1,4,0.5813387474993266,55.0
208,0-1,5,,149.0
208,>=2,0,0.4607830433402743,1.0
208,>=2,2,0.3687228618406571,8.0
208,>=2,3,0.38213098596971923,21.0
208,>=2,4,0.6995999476874926,55.0
208,>=2,5,,149.0
209,0-1,0,0.9923307989238622,1.0
209,0-1,2,0.994792668950758,8.0
209,0-1,3,0.9792378381242803,21.0
209,0-1,4,0.9474131550619675,55.0
209,0-1,5,,149.0
209,>=2,0,0.9936135345134626,1.0
209,>=2,2,0.9840886508855842,8.0
209,>=2,3,0.8907920448198365,21.0
209,>=2,4,0.7099673886419875,55.0
209,>=2,5,,149.0
210,0-1,0,0.3829090982549202,1.0
210,0-1,2,0.4522504863433119,8.0
210,0-1,3,0.5168281315183396,21.0
210,0-1,4,0.4540256213914118,55.0
210,0-1,5,0.4557073737782624,149.0
210,>=2,0,0.5375624738956398,1.0
210,>=2,2,0.3733438860706881,8.0
210,>=2,3,0.5751735802489945,21.0
210,>=2,4,0.46868592913619356,55.0
210,>=2,5,0.25,149.0
211,0-1,0,0.7968618067866997,1.0
211,0-1,2,0.6938040478380301,8.0
211,0-1,3,0.6445196804026986,21.0
211,0-1,4,0.6789506137685785,55.0
211,0-1,5,0.46373455946303965,149.0
211,>=2,0,0.5800180547015241,1.0
211,>=2,2,0.6320945995079094,8.0
211,>=2,3,0.640925760671649,21.0
211,>=2,4,0.5495910512456779,55.0
211,>=2,5,,149.0
212,0-1,0,0.8657035583543247,1.0
212,0-1,2,0.9631344076077412,8.0
212,0-1,3,0.9560505468504488,21.0
212,0-1,4,0.9072697813566124,55.0
212,0-1,5,0.6832003764855816,149.0
212,>=2,0,0.9731611447894332,1.0
212,>=2,2,0.9143259746482479,8.0
212,>=2,3,0.8840574109413772,21.0
212,>=2,4,0.8492767203366165,55.0
212,>=2,5,0.75,149.0
213,0-1,0,0.4858336689222568,1.0
213,0-1,2,0.38699264158357133,8.0
213,0-1,3,0.5851475961590451,21.0
213,0-1,4,0.6557311890704854,55.0
213,0-1,5,0.6304906339444618,149.0
213,>=2,0,0.4587139544746656,1.0
213,>=2,2,0.4623853749484562,8.0
213,>=2,3,0.5957172449262224,21.0
213,>=2,4,0.5867548601234306,55.0
213,>=2,5,0.6917601338615169,149.0
214,0-1,0,0.9615384615384616,1.0
214,0-1,2,0.8289668140104487,8.0
214,0-1,3,0.7922794136252302,21.0
214,0-1,4,0.7220233314493578,55.0
214,0-1,5,0.4142387222047514,149.0
214,>=2,0,0.8812134361686665,1.0
214,>=2,2,0.894285902645954,8.0
214,>=2,3,0.756791615111001,21.0
214,>=2,4,0.8170674826008727,55.0
214,>=2,5,,149.0
215,0-1,0,0.908625608654658,1.0
215,0-1,2,0.9102591015771243,8.0
215,0-1,3,0.8679553784699212,21.0
215,0-1,4,0.8475139212709524,55.0
215,0-1,5,0.6606941959020616,149.0
215,>=2,0,0.92396733579473,1.0
215,>=2,2,0.9015850427803715,8.0
215,>=2,3,0.8862950641585324,21.0
215,>=2,4,0.7438716617447807,55.0
215,>=2,5,,149.0
216,0-1,0,0.5134285342654495,1.0
216,0-1,2,0.4646796186211386,8.0
216,0-1,3,0.5285798784455564,21.0
216,0-1,4,0.6316373908480479,55.0
216,0-1,5,0.3510653833834124,149.0
216,>=2,0,0.4752512539135909,1.0
216,>=2,2,0.7396096043516406,8.0
216,>=2,3,0.5872380210398488,21.0
216,>=2,4,,55.0
216,>=2,5,,149.0
217,0-1,0,0.6316692194901359,1.0
217,0-1,2,0.7733697614575584,8.0
217,0-1,3,0.7989857062222194,21.0
217,0-1,4,0.7960765795911269,55.0
217,0-1,5,0.6788861829295303,149.0
217,>=2,0,0.8906963992323556,1.0
217,>=2,2,0.8084036070579401,8.0
217,>=2,3,0.47213892814822134,21.0
217,>=2,4,0.6683872611679457,55.0
217,>=2,5,0.6506757334907295,149.0
218,0-1,0,0.77226910109333,1.0
218,0-1,2,0.9224240878109145,8.0
218,0-1,3,0.9482375901202399,21.0
218,0-1,4,0.7993230045006356,55.0
218,0-1,5,0.5896406208883567,149.0
218,>=2,0,0.7424360986575782,1.0
218,>=2,2,0.6542769651945923,8.0
218,>=2,3,0.875,21.0
218,>=2,4,0.5,55.0
218,>=2,5,,149.0
219,0-1,0,0.6483678119640475,1.0
219,0-1,2,0.4637428713149008,8.0
219,0-1,3,0.6338204530798557,21.0
219,0-1,4,0.5083180224053107,55.0
219,0-1,5,0.636024938799787,149.0
219,>=2,0,0.5002112955704947,1.0
219,>=2,2,0.4985398520630723,8.0
219,>=2,3,0.6460647931925012,21.0
219,>=2,4,0.607720376821344,55.0
219,>=2,5,0.4308665758516883,149.0
220,0-1,0,0.6600131379628585,1.0
220,0-1,2,0.6097781529313694,8.0
220,0-1,3,0.6259984718814124,21.0
220,0-1,4,0.5520598491826076,55.0
220,0-1,5,0.5620950897646394,149.0
220,>=2,0,0.48309569274298325,1.0
220,>=2,2,0.7732249435644225,8.0
220,>=2,3,0.6038565318598884,21.0
220,>=2,4,0.49426527368478773,55.0
220,>=2,5,0.5274652135648927,149.0
221,0-1,0,0.4995583250613366,1.0
221,0-1,2,0.49589380033692954,8.0
221,0-1,3,0.417386694737422,21.0
221,0-1,4,0.5079607331955713,55.0
221,0-1,5,0.39696422923808605,149.0
221,>=2,0,0.4843947788306247,1.0
221,>=2,2,0.4785964390522892,8.0
221,>=2,3,0.5060938243951195,21.0
221,>=2,4,0.4329505663804632,55.0
221,>=2,5,0.4584069187434887,149.0
222,0-1,0,0.4891542583219836,1.0
222,0-1,2,0.43253577925180764,8.0
222,0-1,3,0.41970495015069953,21.0
222,0-1,4,0.5173920389402591,55.0
222,0-1,5,0.5678588594709004,149.0
222,>=2,0,0.4810447148376394,1.0
222,>=2,2,0.4687447726589927,8.0
222,>=2,3,0.45700374864961907,21.0
222,>=2,4,0.6023487574372454,55.0
222,>=2,5,,149.0
223,0-1,0,0.4671546935015957,1.0
223,0-1,2,0.40305802947442376,8.0
223,0-1,3,0.39573037048568116,21.0
223,0-1,4,0.3787918342175435,55.0
223,0-1,5,,149.0
223,>=2,0,0.5981519671661615,1.0
223,>=2,2,0.5387131216035745,8.0
223,>=2,3,0.5240778761277507,21.0
223,>=2,4,0.44273967747967835,55.0
223,>=2,5,,149.0
224,0-1,0,0.6101027519680439,1.0
224,0-1,2,0.6065354567739756,8.0
224,0-1,3,0.5451017214929474,21.0
224,0-1,4,0.5890723525208945,55.0
224,0-1,5,,149.0
224,>=2,0,0.6314196079926603,1.0
224,>=2,2,0.5143575082670313,8.0
224,>=2,3,0.6520715871290848,21.0
224,>=2,4,0.5150779972174362,55.0
224,>=2,5,,149.0
226,0-1,0,0.8298811138263058,1.0
226,0-1,2,0.7985698021955652,8.0
226,0-1,3,0.792817371471897,21.0
226,0-1,4,0.6908697754296323,55.0
226,0-1,5,,149.0
226,>=2,0,0.8113506815012211,1.0
226,>=2,2,0.7736860887743287,8.0
226,>=2,3,0.3875627101952315,21.0
226,>=2,4,0.5,55.0
226,>=2,5,,149.0
227,0-1,0,0.44417971987252153,1.0
227,0-1,2,0.582449104669446,8.0
227,0-1,3,0.5176085978490219,21.0
227,0-1,4,0.4178796833300041,55.0
227,0-1,5,0.41905806696826964,149.0
227,>=2,0,0.6950024087567918,1.0
227,>=2,2,0.31750237970011363,8.0
227,>=2,3,0.6188421337687815,21.0
227,>=2,4,0.401352994353251,55.0
227,>=2,5,0.22469435495968715,149.0
228,0-1,0,0.3403418302325757,1.0
228,0-1,2,0.5018536955908608,8.0
228,0-1,3,0.43913958425898186,21.0
228,0-1,4,0.35317334270983824,55.0
228,0-1,5,0.28437977512921897,149.0
228,>=2,0,0.47883878847640976,1.0
228,>=2,2,0.11724577506455253,8.0
228,>=2,3,0.13179470069841132,21.0
228,>=2,4,0.6134199139463268,55.0
228,>=2,5,0.2952653522102646,149.0
229,0-1,0,0.9374062151495856,1.0
229,0-1,2,0.9153031513631416,8.0
229,0-1,3,0.7373541394258014,21.0
229,0-1,4,0.6896231663179552,55.0
229,0-1,5,0.550577795905136,149.0
229,>=2,0,0.8416933239910572,1.0
229,>=2,2,0.7901253624364967,8.0
229,>=2,3,0.8171041847299276,21.0
229,>=2,4,0.7319134882108775,55.0
229,>=2,5,,149.0
230,0-1,0,0.7108754531551008,1.0
230,0-1,2,0.691393076998273,8.0
230,0-1,3,0.6611877805811183,21.0
230,0-1,4,0.679530615512486,55.0
230,0-1,5,,149.0
230,>=2,0,0.6372773060199802,1.0
230,>=2,2,0.5805307412405093,8.0
230,>=2,3,0.5547860407202095,21.0
230,>=2,4,0.5831398544489504,55.0
230,>=2,5,,149.0
232,0-1,0,0.6264220081050424,1.0
232,0-1,2,0.6529674019234788,8.0
232,0-1,3,0.6775905966245962,21.0
232,0-1,4,0.6579199613724712,55.0
232,0-1,5,0.5807825177665137,149.0
232,>=2,0,0.5875146876684345,1.0
232,>=2,2,0.6112950435931755,8.0
232,>=2,3,0.64570171292552,21.0
232,>=2,4,0.6091777681096138,55.0
232,>=2,5,,149.0
233,0-1,0,0.528866398821166,1.0
233,0-1,2,0.4246074815204337,8.0
233,0-1,3,0.3881581469431584,21.0
233,0-1,4,0.47465993534569506,55.0
233,0-1,5,0.586997868727283,149.0
233,>=2,0,0.4019515647434295,1.0
233,>=2,2,0.36503835472092483,8.0
233,>=2,3,0.519974162541539,21.0
233,>=2,4,0.598685144373158,55.0
233,>=2,5,,149.0
234,0-1,0,0.8842958162765853,1.0
234,0-1,2,0.913186694320679,8.0
234,0-1,3,0.9055228376081037,21.0
234,0-1,4,0.7969596178291283,55.0
234,0-1,5,0.7482408162926681,149.0
234,>=2,0,0.8815999079793497,1.0
234,>=2,2,0.8885252861827753,8.0
234,>=2,3,0.714822926151307,21.0
234,>=2,4,0.723301672499531,55.0
234,>=2,5,,149.0
235,0-1,0,0.7500000000000002,1.0
235,0-1,2,0.9665306132252266,8.0
235,0-1,3,0.9766204007769511,21.0
235,0-1,4,0.912873489945788,55.0
235,0-1,5,0.8260118633037759,149.0
235,>=2,0,0.9166933984603813,1.0
235,>=2,2,0.7916666666666667,8.0
235,>=2,3,0.9634538858728249,21.0
235,>=2,4,0.625,55.0
235,>=2,5,0.24999999999999978,149.0
236,0-1,0,0.9782608695652174,1.0
236,0-1,2,0.9742561678540573,8.0
236,0-1,3,0.9431801083644165,21.0
236,0-1,4,0.8517425333795348,55.0
236,0-1,5,0.8216741649147079,149.0
236,>=2,0,0.9640034424025085,1.0
236,>=2,2,0.9564925652785787,8.0
236,>=2,3,0.9285714285714287,21.0
236,>=2,4,0.8559032471160672,55.0
236,>=2,5,,149.0
237,0-1,0,0.4590033024609424,1.0
237,0-1,2,0.6501819408911651,8.0
237,0-1,3,0.4976811935596005,21.0
237,0-1,4,0.4931527575447609,55.0
237,0-1,5,,149.0
237,>=2,0,0.4091173729342608,1.0
237,>=2,2,0.5227609236265931,8.0
237,>=2,3,0.6170922390058828,21.0
237,>=2,4,0.6923389998790582,55.0
237,>=2,5,,149.0
239,0-1,0,0.39354617451668383,1.0
239,0-1,2,0.4591472452321544,8.0
239,0-1,3,0.34773496298833856,21.0
239,0-1,4,0.43306637293269545,55.0
239,0-1,5,0.460720289325127,149.0
239,>=2,0,0.35413849584355483,1.0
239,>=2,2,0.48887530275682656,8.0
239,>=2,3,0.27812919336921194,21.0
239,>=2,4,0.6080919886203735,55.0
239,>=2,5,0.2499999999999999,149.0
240,0-1,0,0.70284768414776,1.0
240,0-1,2,0.7560443724203121,8.0
240,0-1,3,0.7231954330174679,21.0
240,0-1,4,0.698427137644605,55.0
240,0-1,5,,149.0
240,>=2,0,0.6628300975099022,1.0
240,>=2,2,0.5856079278448247,8.0
240,>=2,3,0.623339158647672,21.0
240,>=2,4,0.7293847369232989,55.0
240,>=2,5,,149.0
241,0-1,0,0.8895552427923199,1.0
241,0-1,2,0.8937584760597332,8.0
241,0-1,3,0.8773237196254505,21.0
241,0-1,4,0.8482361488283787,55.0
241,0-1,5,,149.0
241,>=2,0,0.8727074733091759,1.0
241,>=2,2,0.7795222080195662,8.0
241,>=2,3,0.5236187530203599,21.0
241,>=2,4,0.5955910479368622,55.0
241,>=2,5,,149.0
243,0-1,0,0.1852736344700227,1.0
243,0-1,2,0.530922448449447,8.0
243,0-1,3,0.5852498684460459,21.0
243,0-1,4,0.5726927799057396,55.0
243,0-1,5,,149.0
243,>=2,0,0.29176407564779533,1.0
243,>=2,2,0.4944585516517724,8.0
243,>=2,3,0.5957211991393238,21.0
243,>=2,4,0.6742433783282775,55.0
243,>=2,5,,149.0
244,0-1,0,0.9108551316749052,1.0
244,0-1,2,0.8691255148113846,8.0
244,0-1,3,0.8342514085763721,21.0
244,0-1,4,0.8645644070221046,55.0
244,0-1,5,0.8376827330856617,149.0
244,>=2,0,0.8469522743504727,1.0
244,>=2,2,0.9134663887349912,8.0
244,>=2,3,0.901556434778263,21.0
244,>=2,4,0.6332394374645862,55.0
244,>=2,5,0.7729985573977551,149.0
245,0-1,0,0.8322827075364283,1.0
245,0-1,2,0.9357607577393838,8.0
245,0-1,3,0.9229384013151669,21.0
245,0-1,4,0.8977793113503838,55.0
245,0-1,5,,149.0
245,>=2,0,0.9128893344815692,1.0
245,>=2,2,0.9023604214774383,8.0
245,>=2,3,0.9240501721872355,21.0
245,>=2,4,0.7613579684140039,55.0
245,>=2,5,,149.0
247,0-1,0,0.789700916762685,1.0
247,0-1,2,0.757026169521412,8.0
247,0-1,3,0.8476292424618395,21.0
247,0-1,4,0.8008283331058113,55.0
247,0-1,5,0.7019886522995147,149.0
247,>=2,0,0.5210729469128688,1.0
247,>=2,2,0.7644517970460196,8.0
247,>=2,3,0.7125221333189878,21.0
247,>=2,4,0.7753138619920268,55.0
247,>=2,5,0.6409909139464598,149.0
248,0-1,0,0.5766333645411139,1.0
248,0-1,2,0.6850574553759037,8.0
248,0-1,3,0.5763958412812455,21.0
248,0-1,4,0.5200266108360493,55.0
248,0-1,5,0.5934525230231583,149.0
248,>=2,0,0.5567958686783073,1.0
248,>=2,2,0.4568276939150054,8.0
248,>=2,3,0.5655003893181526,21.0
248,>=2,4,0.4876743031226188,55.0
248,>=2,5,,149.0
249,0-1,0,0.9411128290930102,1.0
249,0-1,2,0.8904400212383254,8.0
249,0-1,3,0.8540262545424555,21.0
249,0-1,4,0.8040887713764744,55.0
249,0-1,5,0.5404478896587911,149.0
249,>=2,0,0.9338003135509985,1.0
249,>=2,2,0.8739098001227861,8.0
249,>=2,3,0.8822324282515448,21.0
249,>=2,4,0.6150491117458234,55.0
249,>=2,5,,149.0
250,0-1,0,0.6524549383125504,1.0
250,0-1,2,0.6964018469406961,8.0
250,0-1,3,0.5405464352315011,21.0
250,0-1,4,0.6015980290658935,55.0
250,0-1,5,,149.0
250,>=2,0,0.6983739467218575,1.0
250,>=2,2,0.4333406102912749,8.0
250,>=2,3,0.6183564974626155,21.0
250,>=2,4,0.540176512253157,55.0
250,>=2,5,,149.0
252,0-1,0,0.6633508930158896,1.0
252,0-1,2,0.7362437327437509,8.0
252,0-1,3,0.7808901536256581,21.0
252,0-1,4,0.7549345113375165,55.0
252,0-1,5,0.754680944259423,149.0
252,>=2,0,0.7133093486683114,1.0
252,>=2,2,0.7792080487038563,8.0
252,>=2,3,0.6060480945350958,21.0
252,>=2,4,0.6549948045902387,55.0
252,>=2,5,0.639637662782337,149.0
253,0-1,0,0.9884148112145148,1.0
253,0-1,2,0.9527807657176984,8.0
253,0-1,3,0.9483854999950507,21.0
253,0-1,4,0.8945974532956319,55.0
253,0-1,5,,149.0
253,>=2,0,0.9871136521991712,1.0
253,>=2,2,0.942800913289865,8.0
253,>=2,3,0.8383176883525881,21.0
253,>=2,4,,55.0
253,>=2,5,,149.0
254,0-1,0,0.8391406901870249,1.0
254,0-1,2,0.9524409435244481,8.0
254,0-1,3,0.9055934434499959,21.0
254,0-1,4,0.8770441081805637,55.0
254,0-1,5,0.8286360667679452,149.0
254,>=2,0,0.877686191506349,1.0
254,>=2,2,0.8550773781779081,8.0
254,>=2,3,0.8413363582858704,21.0
254,>=2,4,0.7292702436533586,55.0
254,>=2,5,0.7631116429318429,149.0
255,0-1,0,0.9330632898152857,1.0
255,0-1,2,0.7809037472543985,8.0
255,0-1,3,0.8358693673454389,21.0
255,0-1,4,0.7265468496592578,55.0
255,0-1,5,0.709130923819849,149.0
255,>=2,0,0.8116119780992208,1.0
255,>=2,2,0.792198358064771,8.0
255,>=2,3,0.8492645589817986,21.0
255,>=2,4,0.5813139002109592,55.0
255,>=2,5,0.7261813091587427,149.0
256,0-1,0,0.9160258435468048,1.0
256,0-1,2,0.8779120100707475,8.0
256,0-1,3,0.8163218354287467,21.0
256,0-1,4,0.7566370681155803,55.0
256,0-1,5,0.6182521466955103,149.0
256,>=2,0,0.8604789377756891,1.0
256,>=2,2,0.7515654011275064,8.0
256,>=2,3,0.7932966538678712,21.0
256,>=2,4,0.8312586791031888,55.0
256,>=2,5,,149.0
257,0-1,0,0.5852893534302851,1.0
257,0-1,2,0.47067050124854887,8.0
257,0-1,3,0.520917852966827,21.0
257,0-1,4,0.43738145528957784,55.0
257,0-1,5,0.2803285637468569,149.0
257,>=2,0,0.44432822193712584,1.0
257,>=2,2,0.4910221828295035,8.0
257,>=2,3,0.35993136646294843,21.0
257,>=2,4,0.7625707216651303,55.0
257,>=2,5,,149.0
258,0-1,0,0.9642857142857143,1.0
258,0-1,2,0.9653808743877814,8.0
258,0-1,3,0.9634103375263909,21.0
258,0-1,4,0.912359193513367,55.0
258,0-1,5,0.6728601786027424,149.0
258,>=2,0,0.9826253450277334,1.0
258,>=2,2,0.9791666666666666,8.0
258,>=2,3,0.8331448802216843,21.0
258,>=2,4,0.875,55.0
258,>=2,5,,149.0
259,0-1,0,0.6468262696409067,1.0
259,0-1,2,0.5153933073392479,8.0
259,0-1,3,0.5738855931445153,21.0
259,0-1,4,0.5494355172530997,55.0
259,0-1,5,0.4988930248406206,149.0
259,>=2,0,0.44273693389224095,1.0
259,>=2,2,0.5222879941234053,8.0
259,>=2,3,0.46648582683886963,21.0
259,>=2,4,0.5823044912177956,55.0
259,>=2,5,0.4977510174063315,149.0
260,0-1,0,0.8609727494430991,1.0
260,0-1,2,0.8247855387563814,8.0
260,0-1,3,0.7835333676793053,21.0
260,0-1,4,0.7756338798410873,55.0
260,0-1,5,0.6122047850104544,149.0
260,>=2,0,0.9415644070572434,1.0
260,>=2,2,0.7448593389896938,8.0
260,>=2,3,0.7954313065323024,21.0
260,>=2,4,0.6560333140105878,55.0
260,>=2,5,0.568229363946324,149.0
261,0-1,0,0.6101282566443293,1.0
261,0-1,2,0.5774180234454104,8.0
261,0-1,3,0.47774782023211315,21.0
261,0-1,4,0.4121955458442787,55.0
261,0-1,5,,149.0
261,>=2,0,0.35091403259655274,1.0
261,>=2,2,0.4064256410409022,8.0
261,>=2,3,0.5968416450642859,21.0
261,>=2,4,0.36640151407230215,55.0
261,>=2,5,0.5315001334168715,149.0
262,0-1,0,0.40339166237477075,1.0
262,0-1,2,0.5020564946175632,8.0
262,0-1,3,0.5319686782847997,21.0
262,0-1,4,0.48282636437967763,55.0
262,0-1,5,0.44411928512992677,149.0
262,>=2,0,0.45084094541028397,1.0
262,>=2,2,0.5396924168549256,8.0
262,>=2,3,0.6751545408988986,21.0
262,>=2,4,0.6072932869425066,55.0
262,>=2,5,,149.0
263,0-1,0,0.9712401931397288,1.0
263,0-1,2,0.7756461921968099,8.0
263,0-1,3,0.8435439913892615,21.0
263,0-1,4,0.7690214543169192,55.0
263,0-1,5,0.7402017925601654,149.0
263,>=2,0,0.9241169851398511,1.0
263,>=2,2,0.7018051008551353,8.0
263,>=2,3,0.6356675177934014,21.0
263,>=2,4,0.7606757679472492,55.0
263,>=2,5,,149.0
264,0-1,0,0.39895062683136245,1.0
264,0-1,2,0.6273372762865963,8.0
264,0-1,3,0.5459646090321082,21.0
264,0-1,4,0.6010028566369833,55.0
264,0-1,5,0.413830568439159,149.0
264,>=2,0,0.5312000907611661,1.0
264,>=2,2,0.5234867137301166,8.0
264,>=2,3,0.6371424096061703,21.0
264,>=2,4,0.49687403382365275,55.0
264,>=2,5,0.6657609096869301,149.0
265,0-1,0,0.7195854857494176,1.0
265,0-1,2,0.42959149642027206,8.0
265,0-1,3,0.4788901721390001,21.0
265,0-1,4,0.4666149253398475,55.0
265,0-1,5,,149.0
265,>=2,0,0.5774304884508289,1.0
265,>=2,2,0.4790723965681233,8.0
265,>=2,3,0.5765365754756872,21.0
265,>=2,4,0.456057119508005,55.0
265,>=2,5,,149.0
266,0-1,0,0.5496995458915875,1.0
266,0-1,2,0.37409978220686985,8.0
266,0-1,3,0.5652454947220682,21.0
266,0-1,4,0.44156378475907626,55.0
266,0-1,5,,149.0
266,>=2,0,0.4978885557486309,1.0
266,>=2,2,0.4330070863460854,8.0
266,>=2,3,0.4570711376282608,21.0
266,>=2,4,0.125,55.0
266,>=2,5,,149.0
267,0-1,0,0.5108096238117031,1.0
267,0-1,2,0.6058663704520825,8.0
267,0-1,3,0.6729054512484159,21.0
267,0-1,4,0.4554797934129172,55.0
267,0-1,5,,149.0
267,>=2,0,0.5400075491067996,1.0
267,>=2,2,0.46668260910943343,8.0
267,>=2,3,0.34029961038403006,21.0
267,>=2,4,0.75687207960736,55.0
267,>=2,5,,149.0
268,0-1,0,0.879720454465699,1.0
268,0-1,2,0.9139055832849451,8.0
268,0-1,3,0.9215204886210868,21.0
268,0-1,4,0.7744393000017435,55.0
268,0-1,5,0.488028308656893,149.0
268,>=2,0,0.8831485395828648,1.0
268,>=2,2,0.7617767555605116,8.0
268,>=2,3,0.8856648433133378,21.0
268,>=2,4,0.8748487634961082,55.0
268,>=2,5,0.519825388003441,149.0
269,0-1,0,0.5153402295630187,1.0
269,0-1,2,0.527473423176322,8.0
269,0-1,3,0.5768065580456261,21.0
269,0-1,4,0.6577419191201542,55.0
269,0-1,5,0.5954631902186182,149.0
269,>=2,0,0.5694375875905351,1.0
269,>=2,2,0.5640476656470506,8.0
269,>=2,3,0.34853085066449324,21.0
269,>=2,4,0.5713378824684465,55.0
269,>=2,5,,149.0
270,0-1,0,0.6096661000837804,1.0
270,0-1,2,0.47813918586180687,8.0
270,0-1,3,0.5493669425614156,21.0
270,0-1,4,0.5636841924168494,55.0
270,0-1,5,0.48256117600994236,149.0
270,>=2,0,0.3885034721522861,1.0
270,>=2,2,0.47980082756857484,8.0
270,>=2,3,0.5605730358851214,21.0
270,>=2,4,0.3725226772721173,55.0
270,>=2,5,0.6004476197686823,149.0
271,0-1,0,0.7414879351681665,1.0
271,0-1,2,0.6885162860071941,8.0
271,0-1,3,0.6231069223542207,21.0
271,0-1,4,0.47877581838913463,55.0
271,0-1,5,0.3936382916238769,149.0
271,>=2,0,0.7181718323501982,1.0
271,>=2,2,0.7092829890743498,8.0
271,>=2,3,0.7679281777246283,21.0
271,>=2,4,0.6568233850903893,55.0
271,>=2,5,,149.0
272,0-1,0,0.7595975080644237,1.0
272,0-1,2,0.3347421253191557,8.0
272,0-1,3,0.5435056946115682,21.0
272,0-1,4,0.5324514685457087,55.0
272,0-1,5,0.36111111111111116,149.0
272,>=2,0,0.6655808190935357,1.0
272,>=2,2,0.37169778036458856,8.0
272,>=2,3,0.38888888888888895,21.0
272,>=2,4,0.4227320994603746,55.0
272,>=2,5,,149.0
273,0-1,0,0.9642857142857143,1.0
273,0-1,2,0.9878340187768478,8.0
273,0-1,3,0.9528593102057806,21.0
273,0-1,4,0.8601407893287822,55.0
273,0-1,5,0.6679545730574288,149.0
273,>=2,0,0.9587041263573365,1.0
273,>=2,2,0.9259089137845303,8.0
273,>=2,3,0.913527233317039,21.0
273,>=2,4,,55.0
273,>=2,5,0.75,149.0
275,0-1,0,0.6504923195220303,1.0
275,0-1,2,0.4984939658757763,8.0
275,0-1,3,0.504591588828887,21.0
275,0-1,4,0.39350125902329613,55.0
275,0-1,5,,149.0
275,>=2,0,0.6413697178387185,1.0
275,>=2,2,0.5261479974650793,8.0
275,>=2,3,0.5791651812055709,21.0
275,>=2,4,0.6374679018351035,55.0
275,>=2,5,,149.0
276,0-1,0,0.875,1.0
276,0-1,2,0.9892407765204294,8.0
276,0-1,3,0.9962237512806278,21.0
276,0-1,4,0.9719717665995781,55.0
276,0-1,5,0.9594588546811429,149.0
276,>=2,0,0.9821428571428571,1.0
276,>=2,2,0.9615384615384616,8.0
276,>=2,3,0.9629865306099835,21.0
276,>=2,4,0.875,55.0
276,>=2,5,0.75,149.0
277,0-1,0,0.43608672328661435,1.0
277,0-1,2,0.4015201294064655,8.0
277,0-1,3,0.5200785222972086,21.0
277,0-1,4,0.5835430669994329,55.0
277,0-1,5,0.48744686405452076,149.0
277,>=2,0,0.40605861423299267,1.0
277,>=2,2,0.5367505165284217,8.0
277,>=2,3,0.3931066440137998,21.0
277,>=2,4,0.1250000000000001,55.0
277,>=2,5,,149.0
278,0-1,0,0.7887557977280524,1.0
278,0-1,2,0.8260907731012608,8.0
278,0-1,3,0.77419117941995,21.0
278,0-1,4,0.6755198763534176,55.0
278,0-1,5,0.6215510572175836,149.0
278,>=2,0,0.8009371135608505,1.0
278,>=2,2,0.8361603591492589,8.0
278,>=2,3,0.766736084098125,21.0
278,>=2,4,,55.0
278,>=2,5,,149.0
279,0-1,0,0.6895786786449847,1.0
279,0-1,2,0.658522138506036,8.0
279,0-1,3,0.6871344616527297,21.0
279,0-1,4,0.649459213549317,55.0
279,0-1,5,,149.0
279,>=2,0,0.692329555159447,1.0
279,>=2,2,0.7922704582927405,8.0
279,>=2,3,0.7500000000000002,21.0
279,>=2,4,0.868892486575615,55.0
279,>=2,5,,149.0
280,0-1,0,0.9757692920257062,1.0
280,0-1,2,0.9781803923709947,8.0
280,0-1,3,0.958113173584271,21.0
280,0-1,4,0.8933050259818798,55.0
280,0-1,5,0.6425316668054852,149.0
280,>=2,0,0.9526349908347918,1.0
280,>=2,2,0.9454254955954189,8.0
280,>=2,3,0.9192511037559914,21.0
280,>=2,4,0.8121274141228746,55.0
280,>=2,5,,149.0
281,0-1,0,0.6239142910284545,1.0
281,0-1,2,0.5529739512721145,8.0
281,0-1,3,0.48295937269789224,21.0
281,0-1,4,0.5150881255619655,55.0
281,0-1,5,0.6895493711430986,149.0
281,>=2,0,0.49285590137893037,1.0
281,>=2,2,0.4224199628643617,8.0
281,>=2,3,0.5925880368390263,21.0
281,>=2,4,0.5758605322769651,55.0
281,>=2,5,0.24999999999999994,149.0
282,0-1,0,0.9575704789624861,1.0
282,0-1,2,0.8937164853006294,8.0
282,0-1,3,0.8796162258969025,21.0
282,0-1,4,0.3947485727545364,55.0
282,0-1,5,,149.0
282,>=2,0,0.8577228394822128,1.0
282,>=2,2,0.8158798591416934,8.0
282,>=2,3,0.4455697529454407,21.0
282,>=2,4,,55.0
282,>=2,5,,149.0
285,0-1,0,0.9285714285714286,1.0
285,0-1,2,0.9855170821306146,8.0
285,0-1,3,0.982278439873026,21.0
285,0-1,4,0.9555657203553526,55.0
285,0-1,5,0.9175723334882485,149.0
285,>=2,0,0.9761904761904762,1.0
285,>=2,2,0.9666666666666668,8.0
285,>=2,3,0.9118707407354609,21.0
285,>=2,4,0.7761755911265362,55.0
285,>=2,5,0.8785101337301612,149.0
286,0-1,0,0.6854966307558821,1.0
286,0-1,2,0.6562961934869528,8.0
286,0-1,3,0.577205323700703,21.0
286,0-1,4,0.5638604361489765,55.0
286,0-1,5,0.7006584941694521,149.0
286,>=2,0,0.6259609956578549,1.0
286,>=2,2,0.5791190377579871,8.0
286,>=2,3,0.667815229557485,21.0
286,>=2,4,0.6223512111228485,55.0
286,>=2,5,,149.0
287,0-1,0,0.8004625448792149,1.0
287,0-1,2,0.854570433658348,8.0
287,0-1,3,0.9095360340124503,21.0
287,0-1,4,0.9260882572079622,55.0
287,0-1,5,0.4147150126644995,149.0
287,>=2,0,0.4768671054887523,1.0
287,>=2,2,0.5036567020456262,8.0
287,>=2,3,0.42780108458120025,21.0
287,>=2,4,,55.0
287,>=2,5,0.48359646450940896,149.0
288,0-1,0,0.46005448128138804,1.0
288,0-1,2,0.38924291445527115,8.0
288,0-1,3,0.5013874402154579,21.0
288,0-1,4,0.4394620169015736,55.0
288,0-1,5,0.4681775523914766,149.0
288,>=2,0,0.4530266330680011,1.0
288,>=2,2,0.5699129612479956,8.0
288,>=2,3,0.34172290144531026,21.0
288,>=2,4,,55.0
288,>=2,5,,149.0
289,0-1,0,0.6237181678251802,1.0
289,0-1,2,0.5489237286346904,8.0
289,0-1,3,0.4614699330312272,21.0
289,0-1,4,0.4717283536780362,55.0
289,0-1,5,0.41163760426092727,149.0
289,>=2,0,0.5922716102307319,1.0
289,>=2,2,0.41993630816311966,8.0
289,>=2,3,0.4207275728719531,21.0
289,>=2,4,0.5521559820555494,55.0
289,>=2,5,0.5623726237188407,149.0
291,0-1,0,0.9347826086956523,1.0
291,0-1,2,0.9852306914658367,8.0
291,0-1,3,0.9854068326036968,21.0
291,0-1,4,0.9551572051686708,55.0
291,0-1,5,0.657461216238889,149.0
291,>=2,0,0.95,1.0
291,>=2,2,0.9807692307692306,8.0
291,>=2,3,0.9554908706462145,21.0
291,>=2,4,0.875,55.0
291,>=2,5,,149.0
292,0-1,0,0.5338750254280815,1.0
292,0-1,2,0.4440593467251918,8.0
292,0-1,3,0.4449063177291116,21.0
292,0-1,4,0.5347652218300825,55.0
292,0-1,5,,149.0
292,>=2,0,0.440333957231207,1.0
292,>=2,2,0.5,8.0
292,>=2,3,0.504272413546544,21.0
292,>=2,4,,55.0
292,>=2,5,,149.0
293,0-1,0,0.9834294634714102,1.0
293,0-1,2,0.9817121524131865,8.0
293,0-1,3,0.9770557687051877,21.0
293,0-1,4,0.9810681421958054,55.0
293,0-1,5,0.8454672541643082,149.0
293,>=2,0,0.956376654053237,1.0
293,>=2,2,0.9667537088963007,8.0
293,>=2,3,0.9005919928716516,21.0
293,>=2,4,0.8975334658923675,55.0
293,>=2,5,,149.0
295,0-1,0,0.41787077971376574,1.0
295,0-1,2,0.460036470150909,8.0
295,0-1,3,0.48228472802585004,21.0
295,0-1,4,0.4441143895942842,55.0
295,0-1,5,0.6682682783243404,149.0
295,>=2,0,0.4882142828642691,1.0
295,>=2,2,0.5441935623420682,8.0
295,>=2,3,0.19845642706215533,21.0
295,>=2,4,,55.0
295,>=2,5,0.5263750790245354,149.0
296,0-1,0,0.7780736927663202,1.0
296,0-1,2,0.7377949060839961,8.0
296,0-1,3,0.8379581828697686,21.0
296,0-1,4,0.7968396493290075,55.0
296,0-1,5,0.5043162341683376,149.0
296,>=2,0,0.8979253290769397,1.0
296,>=2,2,0.7984844884950837,8.0
296,>=2,3,0.7594901855320232,21.0
296,>=2,4,0.2629103379004171,55.0
296,>=2,5,,149.0
300,0-1,0,0.5040948817511957,1.0
300,0-1,2,0.50718844612215,8.0
300,0-1,3,0.422569107410932,21.0
300,0-1,4,0.34712993848424223,55.0
300,0-1,5,,149.0
300,>=2,0,0.37000984044740415,1.0
300,>=2,2,0.4528186950244133,8.0
300,>=2,3,0.3971536609718699,21.0
300,>=2,4,0.5654342398833335,55.0
300,>=2,5,,149.0
301,0-1,0,0.956392107002018,1.0
301,0-1,2,0.9636775192993038,8.0
301,0-1,3,0.901835921631185,21.0
301,0-1,4,0.927047814952011,55.0
301,0-1,5,,149.0
301,>=2,0,0.9562189548849024,1.0
301,>=2,2,0.8908878742013888,8.0
301,>=2,3,0.9262899162162475,21.0
301,>=2,4,0.5,55.0
301,>=2,5,,149.0
302,0-1,0,0.8101748819635848,1.0
302,0-1,2,0.8358399047934686,8.0
302,0-1,3,0.8647058823529412,21.0
302,0-1,4,0.7578899558281438,55.0
302,0-1,5,0.7809641701634726,149.0
302,>=2,0,0.7089149942145068,1.0
302,>=2,2,0.8010820136701644,8.0
302,>=2,3,0.77226910109333,21.0
302,>=2,4,0.6030047343456544,55.0
302,>=2,5,,149.0
304,0-1,0,0.8676055378654559,1.0
304,0-1,2,0.9322406886328792,8.0
304,0-1,3,0.8932823227310229,21.0
304,0-1,4,0.6908860763573433,55.0
304,0-1,5,0.7994847821493539,149.0
304,>=2,0,0.869290410380342,1.0
304,>=2,2,0.81487898574836,8.0
304,>=2,3,0.658520712264473,21.0
304,>=2,4,0.7437981277407972,55.0
304,>=2,5,,149.0
305,0-1,0,0.5465364759053937,1.0
305,0-1,2,0.590986370263179,8.0
305,0-1,3,0.5051577689546423,21.0
305,0-1,4,0.5311960683811674,55.0
305,0-1,5,0.5198719442328477,149.0
305,>=2,0,0.5634816157572854,1.0
305,>=2,2,0.5752671257147601,8.0
305,>=2,3,0.6151732653780113,21.0
305,>=2,4,0.5468041749385575,55.0
305,>=2,5,,149.0
307,0-1,0,0.8599707576629787,1.0
307,0-1,2,0.9467820964824191,8.0
307,0-1,3,0.9306183745824904,21.0
307,0-1,4,0.9000496519174361,55.0
307,0-1,5,0.7516165656562734,149.0
307,>=2,0,0.9657956355840481,1.0
307,>=2,2,0.943121433272173,8.0
307,>=2,3,0.9649811596399782,21.0
307,>=2,4,0.8977603297379448,55.0
307,>=2,5,0.7500000000000002,149.0
308,0-1,0,0.6781172020487791,1.0
308,0-1,2,0.6531991553000247,8.0
308,0-1,3,0.7059331661477115,21.0
308,0-1,4,0.4763321626274737,55.0
308,0-1,5,,149.0
308,>=2,0,0.9013157894736835,1.0
308,>=2,2,0.7550011596910918,8.0
308,>=2,3,0.5,21.0
308,>=2,4,0.25,55.0
308,>=2,5,,149.0
309,0-1,0,0.6090300070378323,1.0
309,0-1,2,0.5881060777628746,8.0
309,0-1,3,0.5628207742774274,21.0
309,0-1,4,0.5356529201225512,55.0
309,0-1,5,0.3956205357360294,149.0
309,>=2,0,0.5313841871670335,1.0
309,>=2,2,0.47212253953045824,8.0
309,>=2,3,0.3821805258954197,21.0
309,>=2,4,0.6839685476967848,55.0
309,>=2,5,,149.0
310,0-1,0,0.7025972545461426,1.0
310,0-1,2,0.7183187537924474,8.0
310,0-1,3,0.7063194363925442,21.0
310,0-1,4,0.7357811963916199,55.0
310,0-1,5,0.5944271339956146,149.0
310,>=2,0,0.7871409631099813,1.0
310,>=2,2,0.7829588674323421,8.0
310,>=2,3,0.6700657866555748,21.0
310,>=2,4,,55.0
310,>=2,5,0.6185371200663543,149.0
311,0-1,0,0.447556856310168,1.0
311,0-1,2,0.6980435157830471,8.0
311,0-1,3,0.6906857156143535,21.0
311,0-1,4,0.6839272845297342,55.0
311,0-1,5,0.5242208719645368,149.0
311,>=2,0,0.6078334966969715,1.0
311,>=2,2,0.7295429508001614,8.0
311,>=2,3,0.7001187546342833,21.0
311,>=2,4,0.5566843942643013,55.0
311,>=2,5,0.5524785494370927,149.0
312,0-1,0,0.41574892673894637,1.0
312,0-1,2,0.4215811428185908,8.0
312,0-1,3,0.38917709813653406,21.0
312,0-1,4,0.3919754515871967,55.0
312,0-1,5,,149.0
312,>=2,0,0.3823845537691415,1.0
312,>=2,2,0.3933211153182466,8.0
312,>=2,3,0.40057342803372636,21.0
312,>=2,4,,55.0
312,>=2,5,,149.0
313,0-1,0,0.9361220556837002,1.0
313,0-1,2,0.9238496483119195,8.0
313,0-1,3,0.836713595417778,21.0
313,0-1,4,0.5887446510956047,55.0
313,0-1,5,0.37582869752871867,149.0
313,>=2,0,0.436523794516598,1.0
313,>=2,2,0.7124740789700456,8.0
313,>=2,3,0.9096442890562393,21.0
313,>=2,4,,55.0
313,>=2,5,,149.0
314,0-1,0,0.4778535384600251,1.0
314,0-1,2,0.5818075407397316,8.0
314,0-1,3,0.4450802725071321,21.0
314,0-1,4,0.3487075786706002,55.0
314,0-1,5,0.36368831384695804,149.0
314,>=2,0,0.462044259876918,1.0
314,>=2,2,0.4706581247216065,8.0
314,>=2,3,0.4392394319795462,21.0
314,>=2,4,0.15010562389271165,55.0
314,>=2,5,,149.0
316,0-1,0,0.4710798983214862,1.0
316,0-1,2,0.42230950546683077,8.0
316,0-1,3,0.4764364133638389,21.0
316,0-1,4,0.4041607740603894,55.0
316,0-1,5,0.5,149.0
316,>=2,0,0.3827063108596832,1.0
316,>=2,2,0.4118277183721901,8.0
316,>=2,3,0.5051637121088293,21.0
316,>=2,4,0.3511260750223191,55.0
316,>=2,5,,149.0
317,0-1,0,0.5064375912727975,1.0
317,0-1,2,0.4263310991382686,8.0
317,0-1,3,0.5287313086694811,21.0
317,0-1,4,0.21324404102324657,55.0
317,0-1,5,,149.0
317,>=2,0,0.45362650892034034,1.0
317,>=2,2,0.649967107412799,8.0
317,>=2,3,0.5824448883453175,21.0
317,>=2,4,,55.0
317,>=2,5,,149.0
318,0-1,0,0.5572519004855833,1.0
318,0-1,2,0.55372814079112,8.0
318,0-1,3,0.49139604445217544,21.0
318,0-1,4,0.5190815345521291,55.0
318,0-1,5,,149.0
318,>=2,0,0.610410513157416,1.0
318,>=2,2,0.6687512824998538,8.0
318,>=2,3,0.3728501041231731,21.0
318,>=2,4,0.6160130514852309,55.0
318,>=2,5,,149.0
319,0-1,0,0.6798084985901209,1.0
319,0-1,2,0.8237334930869072,8.0
319,0-1,3,0.6397741732685092,21.0
319,0-1,4,0.6265950651049708,55.0
319,0-1,5,0.5884848304369613,149.0
319,>=2,0,0.565016940712824,1.0
319,>=2,2,0.6320039916559588,8.0
319,>=2,3,0.6387940701857368,21.0
319,>=2,4,0.5917671377735473,55.0
319,>=2,5,,149.0
321,0-1,0,0.5215249417630775,1.0
321,0-1,2,0.7344721979235457,8.0
321,0-1,3,0.7636139789223839,21.0
321,0-1,4,0.574465471302695,55.0
321,0-1,5,0.5182050345036465,149.0
321,>=2,0,0.7435543171590326,1.0
321,>=2,2,0.664406550581316,8.0
321,>=2,3,0.6985755624651392,21.0
321,>=2,4,0.6007158869829647,55.0
321,>=2,5,0.5,149.0
322,0-1,0,0.5672793811333591,1.0
322,0-1,2,0.32839721073919814,8.0
322,0-1,3,0.647136439370298,21.0
322,0-1,4,0.5044683628906199,55.0
322,0-1,5,0.5870444658894729,149.0
322,>=2,0,0.6948753749741329,1.0
322,>=2,2,0.432212027004852,8.0
322,>=2,3,0.40384735786350945,21.0
322,>=2,4,0.22943582429664156,55.0
322,>=2,5,,149.0
323,0-1,0,0.5444323455882504,1.0
323,0-1,2,0.5496570371983329,8.0
323,0-1,3,0.6315233498786297,21.0
323,0-1,4,0.6212069447139604,55.0
323,0-1,5,0.4165805772255896,149.0
323,>=2,0,0.7809184867837722,1.0
323,>=2,2,0.7456791043043671,8.0
323,>=2,3,0.7521713770771503,21.0
323,>=2,4,0.41697190099418396,55.0
323,>=2,5,,149.0
324,0-1,0,0.8185825038928671,1.0
324,0-1,2,0.9215180452839282,8.0
324,0-1,3,0.9139678312569717,21.0
324,0-1,4,0.7398596639914328,55.0
324,0-1,5,0.7701584693947142,149.0
324,>=2,0,0.8135481221507699,1.0
324,>=2,2,0.8593370198765058,8.0
324,>=2,3,0.7978016460803238,21.0
324,>=2,4,0.6773230265986758,55.0
324,>=2,5,0.75,149.0
325,0-1,0,0.4928451978771971,1.0
325,0-1,2,0.5768708844485493,8.0
325,0-1,3,0.5258125716110079,21.0
325,0-1,4,0.46761392022857384,55.0
325,0-1,5,0.414540954655874,149.0
325,>=2,0,0.5565815544971672,1.0
325,>=2,2,0.3729714150647022,8.0
325,>=2,3,0.48434711479445436,21.0
325,>=2,4,0.5045954518398656,55.0
325,>=2,5,,149.0
326,0-1,0,0.5628404492312851,1.0
326,0-1,2,0.4772127582593485,8.0
326,0-1,3,0.45200936582124396,21.0
326,0-1,4,0.49724604580278386,55.0
326,0-1,5,0.40771179747307623,149.0
326,>=2,0,0.6083628114435292,1.0
326,>=2,2,0.44960712077903897,8.0
326,>=2,3,0.540233628674618,21.0
326,>=2,4,0.53890586718711,55.0
326,>=2,5,,149.0
327,0-1,0,0.653267446755532,1.0
327,0-1,2,0.6948026145184563,8.0
327,0-1,3,0.6560952963816603,21.0
327,0-1,4,0.5858151455758975,55.0
327,0-1,5,,149.0
327,>=2,0,0.6975257064396603,1.0
327,>=2,2,0.6551855889586139,8.0
327,>=2,3,0.6921717102181836,21.0
327,>=2,4,0.5036741694932185,55.0
327,>=2,5,,149.0
328,0-1,0,0.4834855404845585,1.0
328,0-1,2,0.3646383886897464,8.0
328,0-1,3,0.5815996091364927,21.0
328,0-1,4,0.4866912777350058,55.0
328,0-1,5,,149.0
328,>=2,0,0.3506079058978643,1.0
328,>=2,2,0.6097780069249547,8.0
328,>=2,3,0.46622773988000427,21.0
328,>=2,4,0.37307835533705425,55.0
328,>=2,5,,149.0
329,0-1,0,0.6177825888493476,1.0
329,0-1,2,0.6676667721082022,8.0
329,0-1,3,0.6524061527474724,21.0
329,0-1,4,0.5821717621845331,55.0
329,0-1,5,0.5956908658794134,149.0
329,>=2,0,0.6575673720601063,1.0
329,>=2,2,0.668978141952016,8.0
329,>=2,3,0.8022360343641686,21.0
329,>=2,4,0.34339510361691283,55.0
329,>=2,5,0.5169989023056982,149.0
331,0-1,0,0.9814292382691744,1.0
331,0-1,2,0.9228692383112097,8.0
331,0-1,3,0.8960335659370311,21.0
331,0-1,4,0.5542220813922328,55.0
331,0-1,5,,149.0
331,>=2,0,0.9715204122203795,1.0
331,>=2,2,0.9315000567607983,8.0
331,>=2,3,0.9161731247108889,21.0
331,>=2,4,,55.0
331,>=2,5,,149.0
332,0-1,0,0.5023249323646446,1.0
332,0-1,2,0.5087179300862014,8.0
332,0-1,3,0.4516489451162392,21.0
332,0-1,4,0.5717824711170801,55.0
332,0-1,5,,149.0
332,>=2,0,0.5539404517297065,1.0
332,>=2,2,0.39581597182458667,8.0
332,>=2,3,0.5458014948732152,21.0
332,>=2,4,0.25,55.0
332,>=2,5,,149.0
333,0-1,0,0.5553702925159114,1.0
333,0-1,2,0.7090160101693441,8.0
333,0-1,3,0.5741490714866899,21.0
333,0-1,4,0.6358580903389497,55.0
333,0-1,5,,149.0
333,>=2,0,0.6065128199615161,1.0
333,>=2,2,0.4841483935753379,8.0
333,>=2,3,0.6694335019921669,21.0
333,>=2,4,0.591615953897824,55.0
333,>=2,5,,149.0
334,0-1,0,0.3855107015495306,1.0
334,0-1,2,0.4839705160970922,8.0
334,0-1,3,0.518922386938571,21.0
334,0-1,4,0.5364081089114967,55.0
334,0-1,5,0.5094711291578073,149.0
334,>=2,0,0.5240937612344051,1.0
334,>=2,2,0.5112611154371366,8.0
334,>=2,3,0.5684719484373766,21.0
334,>=2,4,0.4037470540428201,55.0
334,>=2,5,0.4602008436533431,149.0
335,0-1,0,0.47305716241120394,1.0
335,0-1,2,0.4165386786025166,8.0
335,0-1,3,0.5820381748973875,21.0
335,0-1,4,0.6388451198694522,55.0
335,0-1,5,,149.0
335,>=2,0,0.546747616802703,1.0
335,>=2,2,0.6694789661309319,8.0
335,>=2,3,0.6714767051819086,21.0
335,>=2,4,,55.0
335,>=2,5,,149.0
337,0-1,0,0.9830405354143026,1.0
337,0-1,2,0.9894474957980459,8.0
337,0-1,3,0.978159445188217,21.0
337,0-1,4,0.9837752606482985,55.0
337,0-1,5,0.7026306256036378,149.0
337,>=2,0,0.9868856802260596,1.0
337,>=2,2,0.9624652518033866,8.0
337,>=2,3,0.8999999999999999,21.0
337,>=2,4,0.7964794949061054,55.0
337,>=2,5,,149.0
338,0-1,0,0.6610972723710475,1.0
338,0-1,2,0.4755455273996585,8.0
338,0-1,3,0.515619189759885,21.0
338,0-1,4,0.4811315253987439,55.0
338,0-1,5,0.41472191193539454,149.0
338,>=2,0,0.5448717231166975,1.0
338,>=2,2,0.46761812299501937,8.0
338,>=2,3,0.4858515866806128,21.0
338,>=2,4,0.3165167904694636,55.0
338,>=2,5,,149.0
339,0-1,0,0.6697183839732412,1.0
339,0-1,2,0.8014002070753363,8.0
339,0-1,3,0.7941677313513418,21.0
339,0-1,4,0.752651089616799,55.0
339,0-1,5,0.3951537997687316,149.0
339,>=2,0,0.71514869796933,1.0
339,>=2,2,0.5655367264427462,8.0
339,>=2,3,0.5685230415903006,21.0
339,>=2,4,0.8440646306894395,55.0
339,>=2,5,,149.0
340,0-1,0,0.423817868296225,1.0
340,0-1,2,0.5533422520851928,8.0
340,0-1,3,0.4101533210585827,21.0
340,0-1,4,0.4923731850006418,55.0
340,0-1,5,0.4116422930904377,149.0
340,>=2,0,0.4804676583795908,1.0
340,>=2,2,0.32178598828699273,8.0
340,>=2,3,0.6307490626703119,21.0
340,>=2,4,0.4214668762484952,55.0
340,>=2,5,,149.0
341,0-1,0,0.9402871823199569,1.0
341,0-1,2,0.9369294407187407,8.0
341,0-1,3,0.9310571368960819,21.0
341,0-1,4,0.42640110638201406,55.0
341,0-1,5,,149.0
341,>=2,0,0.9350558274281354,1.0
341,>=2,2,0.959487612149762,8.0
341,>=2,3,0.8819443406658776,21.0
341,>=2,4,,55.0
341,>=2,5,,149.0
342,0-1,0,0.8500000000000001,1.0
342,0-1,2,0.9582445149335624,8.0
342,0-1,3,0.9735721040511965,21.0
342,0-1,4,0.9701971430362788,55.0
342,0-1,5,0.9122118365539111,149.0
342,>=2,0,0.9774600629389701,1.0
342,>=2,2,0.9705882352941176,8.0
342,>=2,3,0.9465729700065522,21.0
342,>=2,4,0.9170773400925231,55.0
342,>=2,5,0.75,149.0
343,0-1,0,0.9763784416395676,1.0
343,0-1,2,0.9920370180105679,8.0
343,0-1,3,0.9862826523767169,21.0
343,0-1,4,0.9647610554402516,55.0
343,0-1,5,0.9564644502504388,149.0
343,>=2,0,0.9865325779593208,1.0
343,>=2,2,0.961035407215447,8.0
343,>=2,3,0.9623407484844538,21.0
343,>=2,4,0.8601638748783188,55.0
343,>=2,5,,149.0
344,0-1,0,0.7378184445614265,1.0
344,0-1,2,0.7452973889517135,8.0
344,0-1,3,0.6616066517315091,21.0
344,0-1,4,0.6441538789273367,55.0
344,0-1,5,0.6786324634383386,149.0
344,>=2,0,0.7618495687068242,1.0
344,>=2,2,0.7203927051000033,8.0
344,>=2,3,0.5399596531823595,21.0
344,>=2,4,0.752914670746144,55.0
344,>=2,5,0.6323253538342226,149.0
345,0-1,0,0.9117647058823528,1.0
345,0-1,2,0.8327821499837147,8.0
345,0-1,3,0.7736716083785176,21.0
345,0-1,4,0.822563783951973,55.0
345,0-1,5,0.5,149.0
345,>=2,0,0.7121212121212122,1.0
345,>=2,2,0.8913043478260867,8.0
345,>=2,3,0.5198342646345704,21.0
345,>=2,4,0.7000000000000002,55.0
345,>=2,5,,149.0
346,0-1,0,0.891603396549437,1.0
346,0-1,2,0.8529699799164345,8.0
346,0-1,3,0.7500797231161256,21.0
346,0-1,4,0.7274398212605195,55.0
346,0-1,5,0.6847326333437027,149.0
346,>=2,0,0.7976301939181265,1.0
346,>=2,2,0.8031740319279966,8.0
346,>=2,3,0.7820519322597863,21.0
346,>=2,4,0.6907538440087587,55.0
346,>=2,5,,149.0
347,0-1,0,0.9553133085348804,1.0
347,0-1,2,0.9642156012871532,8.0
347,0-1,3,0.8927462098397074,21.0
347,0-1,4,,55.0
347,0-1,5,,149.0
347,>=2,0,0.948208325324755,1.0
347,>=2,2,0.4364076014749195,8.0
347,>=2,3,0.7469478797793103,21.0
347,>=2,4,,55.0
347,>=2,5,,149.0
348,0-1,0,0.9900737672820346,1.0
348,0-1,2,0.95017644170391,8.0
348,0-1,3,0.950867566788025,21.0
348,0-1,4,0.7978300638909086,55.0
348,0-1,5,,149.0
348,>=2,0,0.9888665242969832,1.0
348,>=2,2,0.9735305887161371,8.0
348,>=2,3,0.9,21.0
348,>=2,4,0.8245226033457778,55.0
348,>=2,5,,149.0
351,0-1,0,0.46397185106809513,1.0
351,0-1,2,0.42601550652469294,8.0
351,0-1,3,0.4638080221812948,21.0
351,0-1,4,0.4332358975058592,55.0
351,0-1,5,,149.0
351,>=2,0,0.5125844636822373,1.0
351,>=2,2,0.46957751896092725,8.0
351,>=2,3,0.6050443318628321,21.0
351,>=2,4,0.6077880429540586,55.0
351,>=2,5,,149.0
352,0-1,0,0.8374883330879774,1.0
352,0-1,2,0.8432541942781693,8.0
352,0-1,3,0.8786827251542364,21.0
352,0-1,4,0.8143771777642146,55.0
352,0-1,5,0.758805801859801,149.0
352,>=2,0,0.8351875808861998,1.0
352,>=2,2,0.6963323470294286,8.0
352,>=2,3,0.8261845371167866,21.0
352,>=2,4,0.8006347661913016,55.0
352,>=2,5,0.7671165041128851,149.0
354,0-1,0,0.5779669814186813,1.0
354,0-1,2,0.8594176267941591,8.0
354,0-1,3,0.7130793839245864,21.0
354,0-1,4,0.6642027507036183,55.0
354,0-1,5,0.6109978881106266,149.0
354,>=2,0,0.7485157174153203,1.0
354,>=2,2,0.6683353130938668,8.0
354,>=2,3,0.48939405188851176,21.0
354,>=2,4,0.6849532687834615,55.0
354,>=2,5,0.5911061436737982,149.0
355,0-1,0,0.5,1.0
355,0-1,2,0.6156086004452471,8.0
355,0-1,3,0.7076070307089974,21.0
355,0-1,4,0.319268039154028,55.0
355,0-1,5,0.4773724905540989,149.0
355,>=2,0,0.5244460928794995,1.0
355,>=2,2,0.5625,8.0
355,>=2,3,0.9389377223865154,21.0
355,>=2,4,0.33470942212539345,55.0
355,>=2,5,,149.0
356,0-1,0,0.9139817557834675,1.0
356,0-1,2,0.8495570368038896,8.0
356,0-1,3,0.8164548871978076,21.0
356,0-1,4,0.8061616048199024,55.0
356,0-1,5,0.7133893184189425,149.0
356,>=2,0,0.9594559482974393,1.0
356,>=2,2,0.8374458379790861,8.0
356,>=2,3,0.848688934213768,21.0
356,>=2,4,,55.0
356,>=2,5,0.6267172291540479,149.0
357,0-1,0,0.7653685046250391,1.0
357,0-1,2,0.8070743658581924,8.0
357,0-1,3,0.7209841684717584,21.0
357,0-1,4,0.5899193625314145,55.0
357,0-1,5,,149.0
357,>=2,0,0.7748616288022929,1.0
357,>=2,2,0.8766894094231716,8.0
357,>=2,3,0.4849242518227992,21.0
357,>=2,4,0.7558304911897591,55.0
357,>=2,5,,149.0
358,0-1,0,0.8591885466066298,1.0
358,0-1,2,0.8564906300048434,8.0
358,0-1,3,0.809983233182431,21.0
358,0-1,4,0.7950021967996554,55.0
358,0-1,5,0.41008004072443777,149.0
358,>=2,0,0.8831287237287668,1.0
358,>=2,2,0.8163645229520885,8.0
358,>=2,3,0.8526738906781921,21.0
358,>=2,4,0.6092569911619728,55.0
358,>=2,5,0.519825388003441,149.0
359,0-1,0,0.8159987883749986,1.0
359,0-1,2,0.8921347951732135,8.0
359,0-1,3,0.8658563111629209,21.0
359,0-1,4,0.49588184304504557,55.0
359,0-1,5,,149.0
359,>=2,0,0.9590017409754589,1.0
359,>=2,2,0.9350306128851079,8.0
359,>=2,3,0.8999999999999999,21.0
359,>=2,4,0.5459027775392519,55.0
359,>=2,5,,149.0
360,0-1,0,0.9030825950243633,1.0
360,0-1,2,0.8667957109837359,8.0
360,0-1,3,0.787970909698793,21.0
360,0-1,4,0.7633770484868445,55.0
360,0-1,5,0.5235384138438517,149.0
360,>=2,0,0.8082888913528606,1.0
360,>=2,2,0.6605469338690848,8.0
360,>=2,3,0.6346186447865074,21.0
360,>=2,4,0.742677503263495,55.0
360,>=2,5,,149.0
361,0-1,0,0.9585508956617608,1.0
361,0-1,2,0.9836098112752882,8.0
361,0-1,3,0.9667287108425595,21.0
361,0-1,4,0.961040140276309,55.0
361,0-1,5,0.8464883104546637,149.0
361,>=2,0,0.9166666666666665,1.0
361,>=2,2,0.642857142857143,8.0
361,>=2,3,0.9556003351762005,21.0
361,>=2,4,0.9166666666666665,55.0
361,>=2,5,0.8583420678905698,149.0
362,0-1,0,0.9087253321834619,1.0
362,0-1,2,0.9217807078534295,8.0
362,0-1,3,0.9435238660326436,21.0
362,0-1,4,0.4169453651325768,55.0
362,0-1,5,,149.0
362,>=2,0,0.8885477907394174,1.0
362,>=2,2,0.8764517361512897,8.0
362,>=2,3,0.6546459840614145,21.0
362,>=2,4,,55.0
362,>=2,5,,149.0
363,0-1,0,0.9702806188839855,1.0
363,0-1,2,0.9831760449493413,8.0
363,0-1,3,0.9501277321919197,21.0
363,0-1,4,0.8903193874566725,55.0
363,0-1,5,0.6553419888088008,149.0
363,>=2,0,0.9580596957632532,1.0
363,>=2,2,0.955355634421315,8.0
363,>=2,3,0.9096797635314667,21.0
363,>=2,4,0.75,55.0
363,>=2,5,,149.0
365,0-1,0,0.48329171495109363,1.0
365,0-1,2,0.4401851433031671,8.0
365,0-1,3,0.3760622265822411,21.0
365,0-1,4,0.3263716138708668,55.0
365,0-1,5,0.4612899843437102,149.0
365,>=2,0,0.3051093002194807,1.0
365,>=2,2,0.2734256606212324,8.0
365,>=2,3,0.36502786105171847,21.0
365,>=2,4,0.4092166772550563,55.0
365,>=2,5,0.32907770631049427,149.0
366,0-1,0,0.6047437474688924,1.0
366,0-1,2,0.48197056470517574,8.0
366,0-1,3,0.43327030524220655,21.0
366,0-1,4,0.5616264126455645,55.0
366,0-1,5,0.5,149.0
366,>=2,0,0.5053139655061025,1.0
366,>=2,2,0.5933750338442387,8.0
366,>=2,3,0.34556239759868135,21.0
366,>=2,4,,55.0
366,>=2,5,,149.0
367,0-1,0,0.4247006179960052,1.0
367,0-1,2,0.7292926710430274,8.0
367,0-1,3,0.8166123512157504,21.0
367,0-1,4,0.8440688315539449,55.0
367,0-1,5,0.6990182811697152,149.0
367,>=2,0,0.33115180956098617,1.0
367,>=2,2,0.8581939198490547,8.0
367,>=2,3,0.7815744782832634,21.0
367,>=2,4,0.5077929308291874,55.0
367,>=2,5,,149.0
368,0-1,0,0.49259203523614425,1.0
368,0-1,2,0.4506245377043932,8.0
368,0-1,3,0.45534014606648726,21.0
368,0-1,4,0.5611928025160215,55.0
368,0-1,5,0.6946030864378177,149.0
368,>=2,0,0.622328557314411,1.0
368,>=2,2,0.5092719493855922,8.0
368,>=2,3,0.42302219372805827,21.0
368,>=2,4,0.5486205410339985,55.0
368,>=2,5,,149.0
369,0-1,0,0.5949569764995709,1.0
369,0-1,2,0.4256410751070124,8.0
369,0-1,3,0.5728619604811545,21.0
369,0-1,4,0.5729716029082886,55.0
369,0-1,5,0.5781461575258593,149.0
369,>=2,0,0.25792981193137277,1.0
369,>=2,2,0.5575039429624866,8.0
369,>=2,3,0.5663459099920543,21.0
369,>=2,4,0.6292144294449964,55.0
369,>=2,5,,149.0
370,0-1,0,0.9641817839276647,1.0
370,0-1,2,0.8877947126792799,8.0
370,0-1,3,0.8772017839002796,21.0
370,0-1,4,0.6733681938972909,55.0
370,0-1,5,,149.0
370,>=2,0,0.9497709747945577,1.0
370,>=2,2,0.8912588832959913,8.0
370,>=2,3,0.8520711487306409,21.0
370,>=2,4,0.4354376440926404,55.0
370,>=2,5,,149.0
371,0-1,0,0.9578014172304153,1.0
371,0-1,2,0.9872272560437765,8.0
371,0-1,3,0.9709984671038002,21.0
371,0-1,4,0.9429638336806381,55.0
371,0-1,5,0.8792817111774334,149.0
371,>=2,0,0.9779048150295088,1.0
371,>=2,2,0.9472924412272329,8.0
371,>=2,3,0.9085631884343823,21.0
371,>=2,4,,55.0
371,>=2,5,0.6651591050737456,149.0
372,0-1,0,0.6670285087896926,1.0
372,0-1,2,0.8021400912602226,8.0
372,0-1,3,0.7736673302453845,21.0
372,0-1,4,0.8087714600363758,55.0
372,0-1,5,0.7425642794241378,149.0
372,>=2,0,0.8348464913313056,1.0
372,>=2,2,0.5779566836076883,8.0
372,>=2,3,0.6436347814609918,21.0
372,>=2,4,0.7123559484180467,55.0
372,>=2,5,0.46967485748936855,149.0
374,0-1,0,0.5462825343943438,1.0
374,0-1,2,0.5456222618926394,8.0
374,0-1,3,0.6382155127346926,21.0
374,0-1,4,0.6323328337335429,55.0
374,0-1,5,,149.0
374,>=2,0,0.57492561858572,1.0
374,>=2,2,0.5483613038220267,8.0
374,>=2,3,0.5181309069753969,21.0
374,>=2,4,,55.0
374,>=2,5,,149.0
377,0-1,0,0.5456391026540701,1.0
377,0-1,2,0.5245249874598401,8.0
377,0-1,3,0.411712326816345,21.0
377,0-1,4,0.42579536766404025,55.0
377,0-1,5,0.6346855945273203,149.0
377,>=2,0,0.3966841181728352,1.0
377,>=2,2,0.3927092558133972,8.0
377,>=2,3,0.5337575334358338,21.0
377,>=2,4,0.7010628760681119,55.0
377,>=2,5,0.6524244121536501,149.0
379,0-1,0,0.6553144156954911,1.0
379,0-1,2,0.6005383630269316,8.0
379,0-1,3,0.6624014592954821,21.0
379,0-1,4,0.5718657964180542,55.0
379,0-1,5,0.6165573287463605,149.0
379,>=2,0,0.6514191649671164,1.0
379,>=2,2,0.5195019057976688,8.0
379,>=2,3,0.7042681742659883,21.0
379,>=2,4,0.6383981280557331,55.0
379,>=2,5,0.3814628799336458,149.0
380,0-1,0,0.9672062027163141,1.0
380,0-1,2,0.946374445238683,8.0
380,0-1,3,0.8920558312649859,21.0
380,0-1,4,0.9168380522815722,55.0
380,0-1,5,,149.0
380,>=2,0,0.9887405838540899,1.0
380,>=2,2,0.959509398572549,8.0
380,>=2,3,0.7677271658974105,21.0
380,>=2,4,0.7419006443035925,55.0
380,>=2,5,,149.0
381,0-1,0,0.7532388200357968,1.0
381,0-1,2,0.8889970165015357,8.0
381,0-1,3,0.7802308534168902,21.0
381,0-1,4,0.6702689851290559,55.0
381,0-1,5,0.6142214920320096,149.0
381,>=2,0,0.7680735076967252,1.0
381,>=2,2,0.9049303494254786,8.0
381,>=2,3,0.650996835237091,21.0
381,>=2,4,0.7039451349632296,55.0
381,>=2,5,0.5552440857362814,149.0
382,0-1,0,0.5056896938666798,1.0
382,0-1,2,0.5527653379407576,8.0
382,0-1,3,0.6700550966715362,21.0
382,0-1,4,0.5482131913283361,55.0
382,0-1,5,,149.0
382,>=2,0,0.4573202606677286,1.0
382,>=2,2,0.5123482809727328,8.0
382,>=2,3,0.5889759522134815,21.0
382,>=2,4,0.8732481715558106,55.0
382,>=2,5,,149.0
383,0-1,0,0.5820980401878845,1.0
383,0-1,2,0.5661358742072395,8.0
383,0-1,3,0.5452906200073027,21.0
383,0-1,4,0.6469740573261723,55.0
383,0-1,5,0.6260608870905354,149.0
383,>=2,0,0.4791360809148551,1.0
383,>=2,2,0.5382591339262177,8.0
383,>=2,3,0.41970181489921965,21.0
383,>=2,4,0.5083769216523681,55.0
383,>=2,5,,149.0
384,0-1,0,0.29260436198858647,1.0
384,0-1,2,0.5626615497816463,8.0
384,0-1,3,0.5059584181576676,21.0
384,0-1,4,0.5032910017325385,55.0
384,0-1,5,0.5317978139122296,149.0
384,>=2,0,0.47161014159606357,1.0
384,>=2,2,0.580966997146711,8.0
384,>=2,3,0.5789902728556897,21.0
384,>=2,4,0.6046869702325468,55.0
384,>=2,5,0.5188527354707696,149.0
385,0-1,0,0.9853507855439555,1.0
385,0-1,2,0.9806253091654479,8.0
385,0-1,3,0.9873393566808639,21.0
385,0-1,4,0.916622837890358,55.0
385,0-1,5,0.6973686175162179,149.0
385,>=2,0,0.9827586206896551,1.0
385,>=2,2,0.9624211460102855,8.0
385,>=2,3,0.9300080625893044,21.0
385,>=2,4,0.75,55.0
385,>=2,5,,149.0
386,0-1,0,0.39835880729387196,1.0
386,0-1,2,0.546419959343846,8.0
386,0-1,3,0.5333469395452399,21.0
386,0-1,4,0.5398020641955659,55.0
386,0-1,5,0.520186786445227,149.0
386,>=2,0,0.5624456696763177,1.0
386,>=2,2,0.495266353265032,8.0
386,>=2,3,0.45114665619953814,21.0
386,>=2,4,,55.0
386,>=2,5,,149.0
387,0-1,0,0.9705882352941176,1.0
387,0-1,2,0.9878966386528207,8.0
387,0-1,3,0.9730699192081843,21.0
387,0-1,4,0.9099321470104186,55.0
387,0-1,5,0.8793633211191908,149.0
387,>=2,0,0.9890988889337469,1.0
387,>=2,2,0.9788797076406328,8.0
387,>=2,3,0.9322714617691142,21.0
387,>=2,4,0.8745661033058082,55.0
387,>=2,5,,149.0
389,0-1,0,0.5475950775181346,1.0
389,0-1,2,0.40519298196188697,8.0
389,0-1,3,0.4313815537660147,21.0
389,0-1,4,0.4222910652412845,55.0
389,0-1,5,0.4783334071477557,149.0
389,>=2,0,0.40503785220365995,1.0
389,>=2,2,0.5466516284433064,8.0
389,>=2,3,0.39647285581114333,21.0
389,>=2,4,0.5914012824261472,55.0
389,>=2,5,,149.0
391,0-1,0,0.5962264004945389,1.0
391,0-1,2,0.6931490004389789,8.0
391,0-1,3,0.6121221921372719,21.0
391,0-1,4,0.5263839896235674,55.0
391,0-1,5,0.12741356269124887,149.0
391,>=2,0,0.5178552188545779,1.0
391,>=2,2,0.8550173835436169,8.0
391,>=2,3,0.5139624833035259,21.0
391,>=2,4,0.48296976586255796,55.0
391,>=2,5,0.45980325836538216,149.0
392,0-1,0,0.5849728372624141,1.0
392,0-1,2,0.4489420572116733,8.0
392,0-1,3,0.5317521475936507,21.0
392,0-1,4,0.5469789812866818,55.0
392,0-1,5,0.5544030808458216,149.0
392,>=2,0,0.636350568517188,1.0
392,>=2,2,0.5535005672426594,8.0
392,>=2,3,0.5674733185724039,21.0
392,>=2,4,0.6212089869939952,55.0
392,>=2,5,0.6128657380988767,149.0
393,0-1,0,0.7916666666666665,1.0
393,0-1,2,0.8394810927997778,8.0
393,0-1,3,0.7557174858197725,21.0
393,0-1,4,0.6700396556295598,55.0
393,0-1,5,0.6041288115873495,149.0
393,>=2,0,0.7411595068216721,1.0
393,>=2,2,0.7916666666666666,8.0
393,>=2,3,0.75,21.0
393,>=2,4,0.4166666666666667,55.0
393,>=2,5,,149.0
395,0-1,0,0.9117647058823528,1.0
395,0-1,2,0.9722222222222222,8.0
395,0-1,3,0.9718493520134999,21.0
395,0-1,4,0.982799281993154,55.0
395,0-1,5,,149.0
395,>=2,0,0.9482758620689655,1.0
395,>=2,2,0.9791666666666666,8.0
395,>=2,3,0.9201998942518324,21.0
395,>=2,4,0.7000000000000001,55.0
395,>=2,5,,149.0
396,0-1,0,0.9166713067380424,1.0
396,0-1,2,0.8084851211230162,8.0
396,0-1,3,0.8074766487672911,21.0
396,0-1,4,0.7457672503976923,55.0
396,0-1,5,,149.0
396,>=2,0,0.7861912854985796,1.0
396,>=2,2,0.8278738543403392,8.0
396,>=2,3,0.8702188976474965,21.0
396,>=2,4,0.5233661427303439,55.0
396,>=2,5,,149.0
397,0-1,0,0.5642280060391591,1.0
397,0-1,2,0.5472746939832397,8.0
397,0-1,3,0.44502355450736486,21.0
397,0-1,4,0.5369033851542281,55.0
397,0-1,5,0.6492777103998244,149.0
397,>=2,0,0.4428692446405477,1.0
397,>=2,2,0.45595203001497586,8.0
397,>=2,3,0.7006228802860777,21.0
397,>=2,4,0.27842540287906115,55.0
397,>=2,5,0.4494533665517199,149.0
398,0-1,0,0.8684210526315788,1.0
398,0-1,2,0.8046107574336386,8.0
398,0-1,3,0.7473490105347186,21.0
398,0-1,4,0.7632603130724076,55.0
398,0-1,5,0.25459206061440615,149.0
398,>=2,0,0.9509644656164234,1.0
398,>=2,2,0.8890946524098,8.0
398,>=2,3,0.4135021248967539,21.0
398,>=2,4,0.7962382141433274,55.0
398,>=2,5,,149.0
399,0-1,0,0.5571410923414012,1.0
399,0-1,2,0.6016771256805479,8.0
399,0-1,3,0.46896340959658134,21.0
399,0-1,4,0.46303502515981,55.0
399,0-1,5,0.533232388571079,149.0
399,>=2,0,0.5487656205311984,1.0
399,>=2,2,0.5062983380499494,8.0
399,>=2,3,0.6197129101479484,21.0
399,>=2,4,0.6630885570257607,55.0
399,>=2,5,,149.0
401,0-1,0,0.5789737657158376,1.0
401,0-1,2,0.5695735864223839,8.0
401,0-1,3,0.5715199243326468,21.0
401,0-1,4,0.5762449912670391,55.0
401,0-1,5,0.5162090023356642,149.0
401,>=2,0,0.5792457161579714,1.0
401,>=2,2,0.5111250172980889,8.0
401,>=2,3,0.5677523519346651,21.0
401,>=2,4,0.5804941350195748,55.0
401,>=2,5,,149.0
403,0-1,0,0.851477427526737,1.0
403,0-1,2,0.7746266943482107,8.0
403,0-1,3,0.617666896196631,21.0
403,0-1,4,0.5706447344328323,55.0
403,0-1,5,0.5049165891883642,149.0
403,>=2,0,0.7961944536968635,1.0
403,>=2,2,0.8027889648832961,8.0
403,>=2,3,0.6279251527370077,21.0
403,>=2,4,0.7974917698872974,55.0
403,>=2,5,,149.0
404,0-1,0,0.4014297750303787,1.0
404,0-1,2,0.5190637532697991,8.0
404,0-1,3,0.5212778164750903,21.0
404,0-1,4,0.5884636673870455,55.0
404,0-1,5,0.3018425931208552,149.0
404,>=2,0,0.5403364640023943,1.0
404,>=2,2,0.618826471405928,8.0
404,>=2,3,0.49796049941487924,21.0
404,>=2,4,0.5434988027809073,55.0
404,>=2,5,0.3703043218413549,149.0
405,0-1,0,0.42177102449019777,1.0
405,0-1,2,0.5543210362405182,8.0
405,0-1,3,0.5490797330458193,21.0
405,0-1,4,0.5893571174222622,55.0
405,0-1,5,0.6087773049959694,149.0
405,>=2,0,0.3778539477219453,1.0
405,>=2,2,0.49231853194109426,8.0
405,>=2,3,0.3588698934500907,21.0
405,>=2,4,0.25631398745782785,55.0
405,>=2,5,,149.0
406,0-1,0,0.4998796168355839,1.0
406,0-1,2,0.35666414422356896,8.0
406,0-1,3,0.5053284679300533,21.0
406,0-1,4,0.4941060373070797,55.0
406,0-1,5,0.6859271983634257,149.0
406,>=2,0,0.4882452804785615,1.0
406,>=2,2,0.310888256109383,8.0
406,>=2,3,0.32595023348695784,21.0
406,>=2,4,0.48438893367460295,55.0
406,>=2,5,,149.0
407,0-1,0,0.9161834159044164,1.0
407,0-1,2,0.7095990921609304,8.0
407,0-1,3,0.718022457935971,21.0
407,0-1,4,0.7004468807034506,55.0
407,0-1,5,0.7372288851376896,149.0
407,>=2,0,0.7479272981234167,1.0
407,>=2,2,0.8528402677554514,8.0
407,>=2,3,0.7129134466557532,21.0
407,>=2,4,0.5893230817200066,55.0
407,>=2,5,0.7708638861551091,149.0
408,0-1,0,0.7701860018771096,1.0
408,0-1,2,0.6808101644533088,8.0
408,0-1,3,0.6056118822367471,21.0
408,0-1,4,0.5872556605059746,55.0
408,0-1,5,0.3797227173216631,149.0
408,>=2,0,0.709891482462055,1.0
408,>=2,2,0.6927572841683812,8.0
408,>=2,3,0.586186350405715,21.0
408,>=2,4,0.6447696237610505,55.0
408,>=2,5,,149.0
411,0-1,0,0.6727913423003176,1.0
411,0-1,2,0.5979720368240445,8.0
411,0-1,3,0.48588798578241715,21.0
411,0-1,4,0.44056516729843764,55.0
411,0-1,5,0.3233048268542982,149.0
411,>=2,0,0.5562518974831535,1.0
411,>=2,2,0.6045202978141896,8.0
411,>=2,3,0.4066033217164559,21.0
411,>=2,4,0.5742818049079315,55.0
411,>=2,5,,149.0
412,0-1,0,0.5424404747968351,1.0
412,0-1,2,0.6854439035868556,8.0
412,0-1,3,0.6708362020867991,21.0
412,0-1,4,0.6606411492962923,55.0
412,0-1,5,0.6233037888017943,149.0
412,>=2,0,0.4433415304039581,1.0
412,>=2,2,0.44826360822168193,8.0
412,>=2,3,0.7083753694115921,21.0
412,>=2,4,0.5872158914381315,55.0
412,>=2,5,0.6237682871537412,149.0
414,0-1,0,0.691418453106943,1.0
414,0-1,2,0.658128286552077,8.0
414,0-1,3,0.6278190387699473,21.0
414,0-1,4,0.6179260622406471,55.0
414,0-1,5,0.5653977529989687,149.0
414,>=2,0,0.6220444663802095,1.0
414,>=2,2,0.5096692766122924,8.0
414,>=2,3,0.6356624509912375,21.0
414,>=2,4,0.6849455449732517,55.0
414,>=2,5,,149.0
415,0-1,0,0.6661614932743739,1.0
415,0-1,2,0.8303022780106154,8.0
415,0-1,3,0.8115765927938223,21.0
415,0-1,4,0.7110547120601856,55.0
415,0-1,5,0.6427287345318521,149.0
415,>=2,0,0.7845105417304779,1.0
415,>=2,2,0.8239461475098797,8.0
415,>=2,3,0.6500092016464616,21.0
415,>=2,4,0.6955920638408375,55.0
415,>=2,5,0.8333333333333334,149.0
416,0-1,0,0.7083411015946197,1.0
416,0-1,2,0.6702142220956604,8.0
416,0-1,3,0.5770787259935034,21.0
416,0-1,4,0.5325023112873761,55.0
416,0-1,5,0.5189299417208938,149.0
416,>=2,0,0.6791219616552427,1.0
416,>=2,2,0.8587727358157067,8.0
416,>=2,3,0.75,21.0
416,>=2,4,0.7500000000000002,55.0
416,>=2,5,,149.0
417,0-1,0,0.8758208171038542,1.0
417,0-1,2,0.8276869769425078,8.0
417,0-1,3,0.8839928736927218,21.0
417,0-1,4,0.8090763938547245,55.0
417,0-1,5,0.6585418452724437,149.0
417,>=2,0,0.8731708252292161,1.0
417,>=2,2,0.9110422835690057,8.0
417,>=2,3,0.7291359207017999,21.0
417,>=2,4,0.75,55.0
417,>=2,5,0.8162630310958772,149.0
419,0-1,0,0.6016187436358886,1.0
419,0-1,2,0.5546323492798381,8.0
419,0-1,3,0.5841695432734282,21.0
419,0-1,4,0.5452505656873085,55.0
419,0-1,5,,149.0
419,>=2,0,0.5736294256040003,1.0
419,>=2,2,0.5813695953967051,8.0
419,>=2,3,0.564780346267379,21.0
419,>=2,4,0.5718943161852793,55.0
419,>=2,5,,149.0
420,0-1,0,0.5734247185557529,1.0
420,0-1,2,0.5655903091566213,8.0
420,0-1,3,0.5458920449363341,21.0
420,0-1,4,0.4437292087846534,55.0
420,0-1,5,,149.0
420,>=2,0,0.6017886045857817,1.0
420,>=2,2,0.603950214621545,8.0
420,>=2,3,0.5743721592506819,21.0
420,>=2,4,0.5640212049322397,55.0
420,>=2,5,,149.0
421,0-1,0,0.5310703597743356,1.0
421,0-1,2,0.5665538866441819,8.0
421,0-1,3,0.6208621583034437,21.0
421,0-1,4,0.584746892837223,55.0
421,0-1,5,0.654432216950888,149.0
421,>=2,0,0.6346933973615291,1.0
421,>=2,2,0.6046667577427042,8.0
421,>=2,3,0.5847913441725814,21.0
421,>=2,4,0.5303984363935316,55.0
421,>=2,5,0.539264792895169,149.0
423,0-1,0,0.9833442958467847,1.0
423,0-1,2,0.9777112191151308,8.0
423,0-1,3,0.9699353481842183,21.0
423,0-1,4,0.8729305163155431,55.0
423,0-1,5,0.7526920404150579,149.0
423,>=2,0,0.9886202465826229,1.0
423,>=2,2,0.9771804277806632,8.0
423,>=2,3,0.9241886231726696,21.0
423,>=2,4,0.8485696059246047,55.0
423,>=2,5,,149.0
424,0-1,0,0.41825834001380124,1.0
424,0-1,2,0.47779672188831834,8.0
424,0-1,3,0.38945887889573316,21.0
424,0-1,4,0.4737091692487695,55.0
424,0-1,5,,149.0
424,>=2,0,0.4707894630668022,1.0
424,>=2,2,0.44596552276959034,8.0
424,>=2,3,0.6250296026263613,21.0
424,>=2,4,0.3632290893113739,55.0
424,>=2,5,,149.0
425,0-1,0,0.8552187195265818,1.0
425,0-1,2,0.8225488557253307,8.0
425,0-1,3,0.9023705060701208,21.0
425,0-1,4,0.8992546575572884,55.0
425,0-1,5,0.40872139491369686,149.0
425,>=2,0,0.929164130934151,1.0
425,>=2,2,0.9507325108035174,8.0
425,>=2,3,0.9362926081011602,21.0
425,>=2,4,,55.0
425,>=2,5,0.578054889701788,149.0
426,0-1,0,0.42828662757992886,1.0
426,0-1,2,0.5183962566213212,8.0
426,0-1,3,0.6034333506880541,21.0
426,0-1,4,0.4470718808361376,55.0
426,0-1,5,0.3859874847614985,149.0
426,>=2,0,0.5200275126886585,1.0
426,>=2,2,0.5041619421448227,8.0
426,>=2,3,0.5790939114434315,21.0
426,>=2,4,0.4299328148323814,55.0
426,>=2,5,,149.0
427,0-1,0,0.8500000000000001,1.0
427,0-1,2,0.9840391840929569,8.0
427,0-1,3,0.980313666781627,21.0
427,0-1,4,0.9479256144683172,55.0
427,0-1,5,0.837788636963102,149.0
427,>=2,0,0.9736842105263159,1.0
427,>=2,2,0.9615384615384616,8.0
427,>=2,3,0.9055915918698454,21.0
427,>=2,4,0.8851828387655876,55.0
427,>=2,5,0.7500000000000002,149.0
428,0-1,0,0.9349718751071454,1.0
428,0-1,2,0.9382610523594417,8.0
428,0-1,3,0.9653054872233029,21.0
428,0-1,4,0.938247830345763,55.0
428,0-1,5,0.8411098544077966,149.0
428,>=2,0,0.8323492122750964,1.0
428,>=2,2,0.9162364312302724,8.0
428,>=2,3,0.9094151927797414,21.0
428,>=2,4,0.8931342699289939,55.0
428,>=2,5,,149.0
429,0-1,0,0.49832191506292256,1.0
429,0-1,2,0.5475106431632915,8.0
429,0-1,3,0.4685848531995169,21.0
429,0-1,4,0.5350516979688863,55.0
429,0-1,5,0.5516099626281875,149.0
429,>=2,0,0.5460042931398431,1.0
429,>=2,2,0.6070255011872989,8.0
429,>=2,3,0.5361133794454942,21.0
429,>=2,4,0.7963609652712278,55.0
429,>=2,5,0.447359486592772,149.0
430,0-1,0,0.45972377860314895,1.0
430,0-1,2,0.49498475765740524,8.0
430,0-1,3,0.47333739128155605,21.0
430,0-1,4,0.5735561621786591,55.0
430,0-1,5,0.43312869132762755,149.0
430,>=2,0,0.5688249454987214,1.0
430,>=2,2,0.6154504213648861,8.0
430,>=2,3,0.6232020386192078,21.0
430,>=2,4,0.7492646605935198,55.0
430,>=2,5,,149.0
431,0-1,0,0.8603608828237002,1.0
431,0-1,2,0.953667817235923,8.0
431,0-1,3,0.9209004587486342,21.0
431,0-1,4,0.8609435681490816,55.0
431,0-1,5,0.6761701826127018,149.0
431,>=2,0,0.9285714285714286,1.0
431,>=2,2,0.9166666666666667,8.0
431,>=2,3,0.8608498802569136,21.0
431,>=2,4,0.9165009166446243,55.0
431,>=2,5,0.5,149.0
432,0-1,0,0.7107480557447308,1.0
432,0-1,2,0.5316410955437624,8.0
432,0-1,3,0.5688154810708403,21.0
432,0-1,4,0.5710464013284129,55.0
432,0-1,5,0.5442580997731516,149.0
432,>=2,0,0.4808297154017733,1.0
432,>=2,2,0.5452439867415702,8.0
432,>=2,3,0.6285489522536205,21.0
432,>=2,4,0.5351168624619036,55.0
432,>=2,5,,149.0
433,0-1,0,0.875,1.0
433,0-1,2,0.9785819010470937,8.0
433,0-1,3,0.9599393547877239,21.0
433,0-1,4,0.9009327333448731,55.0
433,0-1,5,0.9166666666666665,149.0
433,>=2,0,0.920046879379347,1.0
433,>=2,2,0.9836101820059311,8.0
433,>=2,3,0.9705882352941176,21.0
433,>=2,4,,55.0
433,>=2,5,,149.0
434,0-1,0,0.9266475225179152,1.0
434,0-1,2,0.901561105776588,8.0
434,0-1,3,0.8869596385230498,21.0
434,0-1,4,0.815462332050641,55.0
434,0-1,5,0.7476407112594804,149.0
434,>=2,0,0.7370608019724643,1.0
434,>=2,2,0.8951623785465186,8.0
434,>=2,3,0.8921962898807454,21.0
434,>=2,4,0.7781028699920458,55.0
434,>=2,5,0.5626756640426455,149.0
436,0-1,0,0.7334220629149724,1.0
436,0-1,2,0.8826828671942748,8.0
436,0-1,3,0.8601680663812912,21.0
436,0-1,4,0.5589612056787125,55.0
436,0-1,5,,149.0
436,>=2,0,0.863974893118814,1.0
436,>=2,2,0.801809825579161,8.0
436,>=2,3,0.9785167681643117,21.0
436,>=2,4,0.5222491909251238,55.0
436,>=2,5,,149.0
438,0-1,0,0.5505726143149869,1.0
438,0-1,2,0.5591304367023721,8.0
438,0-1,3,0.5238541606037365,21.0
438,0-1,4,0.4397107295595266,55.0
438,0-1,5,,149.0
438,>=2,0,0.541121772684452,1.0
438,>=2,2,0.5718852025541266,8.0
438,>=2,3,0.11529002352986717,21.0
438,>=2,4,,55.0
438,>=2,5,,149.0
440,0-1,0,0.6941128366644808,1.0
440,0-1,2,0.5944037571263102,8.0
440,0-1,3,0.5515086090402294,21.0
440,0-1,4,0.46937283772141947,55.0
440,0-1,5,,149.0
440,>=2,0,0.6094692747049223,1.0
440,>=2,2,0.47095899901038674,8.0
440,>=2,3,0.6083702446828437,21.0
440,>=2,4,0.5939286632659443,55.0
440,>=2,5,,149.0
441,0-1,0,0.9274876172893248,1.0
441,0-1,2,0.9607573288507915,8.0
441,0-1,3,0.8925597838686931,21.0
441,0-1,4,0.8846663445857217,55.0
441,0-1,5,0.7322565931748415,149.0
441,>=2,0,0.9671312605673054,1.0
441,>=2,2,0.8627373337326398,8.0
441,>=2,3,0.7827223607488589,21.0
441,>=2,4,0.7794006308400628,55.0
441,>=2,5,,149.0
444,0-1,0,0.5308910590999092,1.0
444,0-1,2,0.4068348480315718,8.0
444,0-1,3,0.45962583282247516,21.0
444,0-1,4,0.5297538079514923,55.0
444,0-1,5,0.50873077258228,149.0
444,>=2,0,0.48971470918996607,1.0
444,>=2,2,0.33150995643694214,8.0
444,>=2,3,0.6826524147616735,21.0
444,>=2,4,0.15245353376910392,55.0
444,>=2,5,0.5149338430290883,149.0
445,0-1,0,0.5035019592392869,1.0
445,0-1,2,0.5546072730239461,8.0
445,0-1,3,0.5294560463784672,21.0
445,0-1,4,0.5838326910496534,55.0
445,0-1,5,0.5710683212550872,149.0
445,>=2,0,0.4570184517998199,1.0
445,>=2,2,0.5012779165912238,8.0
445,>=2,3,0.5852172301398931,21.0
445,>=2,4,0.5185777965835424,55.0
445,>=2,5,0.6045175287125121,149.0
446,0-1,0,0.3156322340569891,1.0
446,0-1,2,0.5859266558025832,8.0
446,0-1,3,0.4828070790776098,21.0
446,0-1,4,0.5432616540940043,55.0
446,0-1,5,0.7400099492387398,149.0
446,>=2,0,0.4698906643207959,1.0
446,>=2,2,0.33178646075861784,8.0
446,>=2,3,0.4189881288953457,21.0
446,>=2,4,0.4711859620578435,55.0
446,>=2,5,,149.0
447,0-1,0,0.39716669658989584,1.0
447,0-1,2,0.3432931790912517,8.0
447,0-1,3,0.4993133521546776,21.0
447,0-1,4,0.47826589929524854,55.0
447,0-1,5,0.30236347732403024,149.0
447,>=2,0,,1.0
447,>=2,2,,8.0
447,>=2,3,0.07142857142857134,21.0
447,>=2,4,0.12499999999999994,55.0
447,>=2,5,0.08333333333333337,149.0
448,0-1,0,0.40665312697119776,1.0
448,0-1,2,0.49257317599021133,8.0
448,0-1,3,0.5160324572884212,21.0
448,0-1,4,0.5554477869599269,55.0
448,0-1,5,0.6779269142595641,149.0
448,>=2,0,0.4340306455368512,1.0
448,>=2,2,0.6195127197987699,8.0
448,>=2,3,0.5269412771139912,21.0
448,>=2,4,0.28599252692624677,55.0
448,>=2,5,0.33591871211406177,149.0
450,0-1,0,0.7940697066747394,1.0
450,0-1,2,0.8704694133308635,8.0
450,0-1,3,0.7871231709379547,21.0
450,0-1,4,0.6660086102763152,55.0
450,0-1,5,0.5811396945245799,149.0
450,>=2,0,0.7194745485030088,1.0
450,>=2,2,0.7895115660532959,8.0
450,>=2,3,0.5813810782583032,21.0
450,>=2,4,0.774588698684567,55.0
450,>=2,5,,149.0
451,0-1,0,0.710181088765135,1.0
451,0-1,2,0.6713013766839337,8.0
451,0-1,3,0.6697807443157402,21.0
451,0-1,4,0.6785357978442669,55.0
451,0-1,5,0.5107167704450305,149.0
451,>=2,0,0.6706795174235387,1.0
451,>=2,2,0.6147655276106722,8.0
451,>=2,3,0.661487011873015,21.0
451,>=2,4,0.7405484300639307,55.0
451,>=2,5,,149.0
452,0-1,0,0.5939238345741191,1.0
452,0-1,2,0.4145989331027192,8.0
452,0-1,3,0.5662279247732147,21.0
452,0-1,4,0.601435036117312,55.0
452,0-1,5,0.4458061132126336,149.0
452,>=2,0,0.6193017579323239,1.0
452,>=2,2,0.5835906217201109,8.0
452,>=2,3,0.5640694733856912,21.0
452,>=2,4,0.4137927334428648,55.0
452,>=2,5,0.5419460364320918,149.0
453,0-1,0,0.9720946346307999,1.0
453,0-1,2,0.935480774162194,8.0
453,0-1,3,0.9194796054674848,21.0
453,0-1,4,0.8794972401733712,55.0
453,0-1,5,0.8923662670137033,149.0
453,>=2,0,0.9228065364833508,1.0
453,>=2,2,0.9341471859000343,8.0
453,>=2,3,0.8719653964636016,21.0
453,>=2,4,0.7935320350171486,55.0
453,>=2,5,,149.0
454,0-1,0,0.45801559158121946,1.0
454,0-1,2,0.5337619092450607,8.0
454,0-1,3,0.5421018963607803,21.0
454,0-1,4,0.5840210682130323,55.0
454,0-1,5,0.517243878965368,149.0
454,>=2,0,0.38848527438708896,1.0
454,>=2,2,0.544425664937966,8.0
454,>=2,3,0.5537497408390183,21.0
454,>=2,4,0.45064358668805804,55.0
454,>=2,5,0.5067726672774777,149.0
456,0-1,0,0.934892686534018,1.0
456,0-1,2,0.9307831948820409,8.0
456,0-1,3,0.9522485431793105,21.0
456,0-1,4,0.7811749210565919,55.0
456,0-1,5,,149.0
456,>=2,0,0.9893924629965996,1.0
456,>=2,2,0.9739809834233801,8.0
456,>=2,3,0.9234114777994702,21.0
456,>=2,4,,55.0
456,>=2,5,,149.0
457,0-1,0,0.6890080879517173,1.0
457,0-1,2,0.6243876485952934,8.0
457,0-1,3,0.6264462150041646,21.0
457,0-1,4,0.4895329442601397,55.0
457,0-1,5,0.40872139491369686,149.0
457,>=2,0,0.4423585132925214,1.0
457,>=2,2,0.8132236980298209,8.0
457,>=2,3,0.576855143827993,21.0
457,>=2,4,,55.0
457,>=2,5,,149.0
460,0-1,0,0.9704946855584062,1.0
460,0-1,2,0.955928309222133,8.0
460,0-1,3,0.976646620277232,21.0
460,0-1,4,0.961815057306361,55.0
460,0-1,5,0.7917195868812683,149.0
460,>=2,0,0.9808356934475059,1.0
460,>=2,2,0.9774195992807649,8.0
460,>=2,3,0.9381008030303587,21.0
460,>=2,4,0.8926400897032462,55.0
460,>=2,5,0.8133280799607849,149.0
461,0-1,0,0.5459978271567635,1.0
461,0-1,2,0.5328837659284308,8.0
461,0-1,3,0.44943141880959653,21.0
461,0-1,4,0.5129316093762664,55.0
461,0-1,5,,149.0
461,>=2,0,0.5114208944706405,1.0
461,>=2,2,0.35134752450935774,8.0
461,>=2,3,0.43974154177482444,21.0
461,>=2,4,0.5558559092338006,55.0
461,>=2,5,,149.0
462,0-1,0,0.747514989032513,1.0
462,0-1,2,0.5917673505217211,8.0
462,0-1,3,0.5520232695988705,21.0
462,0-1,4,0.5165057580557387,55.0
462,0-1,5,,149.0
462,>=2,0,0.7495241380527335,1.0
462,>=2,2,0.6796167193027218,8.0
462,>=2,3,0.518848547016618,21.0
462,>=2,4,0.5727281008891568,55.0
462,>=2,5,,149.0
464,0-1,0,0.9131217636959214,1.0
464,0-1,2,0.7752809928892623,8.0
464,0-1,3,0.7252263429812308,21.0
464,0-1,4,0.489978052052498,55.0
464,0-1,5,0.6016711019557821,149.0
464,>=2,0,0.8494977739518055,1.0
464,>=2,2,0.5664183045309649,8.0
464,>=2,3,0.6776682658186911,21.0
464,>=2,4,0.8173651004777114,55.0
464,>=2,5,0.5039177513678723,149.0
465,0-1,0,0.6005672667476,1.0
465,0-1,2,0.5401052781382298,8.0
465,0-1,3,0.45409771192800075,21.0
465,0-1,4,0.454262069359687,55.0
465,0-1,5,0.43677236709273354,149.0
465,>=2,0,0.5979910380455769,1.0
465,>=2,2,0.4738439447337574,8.0
465,>=2,3,0.5547561676611898,21.0
465,>=2,4,0.4794047933341862,55.0
465,>=2,5,,149.0
466,0-1,0,0.5490853702974907,1.0
466,0-1,2,0.49230842650707135,8.0
466,0-1,3,0.6452121718985522,21.0
466,0-1,4,0.5368099512943477,55.0
466,0-1,5,0.45491513610386203,149.0
466,>=2,0,0.3207296992336508,1.0
466,>=2,2,0.6047489089828179,8.0
466,>=2,3,0.14267716949798265,21.0
466,>=2,4,0.5744531267554913,55.0
466,>=2,5,,149.0
467,0-1,0,0.5834951321260353,1.0
467,0-1,2,0.6167521105076433,8.0
467,0-1,3,0.6180071689461296,21.0
467,0-1,4,0.589917005210451,55.0
467,0-1,5,0.6144003929625235,149.0
467,>=2,0,0.6346933973615291,1.0
467,>=2,2,0.6046667577427042,8.0
467,>=2,3,0.5718338296114599,21.0
467,>=2,4,0.5421979973204885,55.0
467,>=2,5,0.5925273892661787,149.0
468,0-1,0,0.4191486376282628,1.0
468,0-1,2,0.581382133590089,8.0
468,0-1,3,0.5504497838635978,21.0
468,0-1,4,0.5066407938441679,55.0
468,0-1,5,0.5092091313227634,149.0
468,>=2,0,0.5238241382374614,1.0
468,>=2,2,0.5234766296814867,8.0
468,>=2,3,0.5674275831391893,21.0
468,>=2,4,0.3752504193134315,55.0
468,>=2,5,,149.0
469,0-1,0,0.4987294673500315,1.0
469,0-1,2,0.5952875034433521,8.0
469,0-1,3,0.4994664079954327,21.0
469,0-1,4,0.564286977179552,55.0
469,0-1,5,,149.0
469,>=2,0,0.44630864716170715,1.0
469,>=2,2,0.49949085675053406,8.0
469,>=2,3,0.5895903585746727,21.0
469,>=2,4,0.45222474217030045,55.0
469,>=2,5,,149.0
470,0-1,0,0.9630399174746825,1.0
470,0-1,2,0.9044038772203002,8.0
470,0-1,3,0.909888355925996,21.0
470,0-1,4,0.7969173918140982,55.0
470,0-1,5,0.7547181050484149,149.0
470,>=2,0,0.8414126873922034,1.0
470,>=2,2,0.8188962828106323,8.0
470,>=2,3,0.8199444447280584,21.0
470,>=2,4,0.9294589691333971,55.0
470,>=2,5,,149.0
471,0-1,0,0.7995233785311262,1.0
471,0-1,2,0.787153649696954,8.0
471,0-1,3,0.8584114570487638,21.0
471,0-1,4,0.7642537686386606,55.0
471,0-1,5,0.6922752882594795,149.0
471,>=2,0,0.7957575497448105,1.0
471,>=2,2,0.917416900415197,8.0
471,>=2,3,0.809778523736005,21.0
471,>=2,4,0.7966297653739185,55.0
471,>=2,5,0.40221318927809907,149.0
472,0-1,0,0.8568300211983597,1.0
472,0-1,2,0.9025159975248702,8.0
472,0-1,3,0.9284293885922776,21.0
472,0-1,4,0.8618058050527432,55.0
472,0-1,5,0.4709753193177709,149.0
472,>=2,0,0.7956061715488207,1.0
472,>=2,2,0.8054894308834806,8.0
472,>=2,3,0.8520885391595809,21.0
472,>=2,4,,55.0
472,>=2,5,,149.0
475,0-1,0,0.8131225824140624,1.0
475,0-1,2,0.713784913842663,8.0
475,0-1,3,0.7275568878261635,21.0
475,0-1,4,0.7594248337602938,55.0
475,0-1,5,0.7345727476265113,149.0
475,>=2,0,0.7031168576532787,1.0
475,>=2,2,0.6045481557274871,8.0
475,>=2,3,0.7731078188237306,21.0
475,>=2,4,0.7156250406804067,55.0
475,>=2,5,0.610448580096168,149.0
476,0-1,0,0.6755906952625003,1.0
476,0-1,2,0.6851805003689702,8.0
476,0-1,3,0.6972299567460425,21.0
476,0-1,4,0.7642994667881859,55.0
476,0-1,5,0.6768858588679956,149.0
476,>=2,0,0.5965475894209853,1.0
476,>=2,2,0.6189737444809781,8.0
476,>=2,3,0.5966865002073161,21.0
476,>=2,4,0.5903205626640735,55.0
476,>=2,5,,149.0
477,0-1,0,0.8298018904247022,1.0
477,0-1,2,0.7206501551862535,8.0
477,0-1,3,0.8745740054848357,21.0
477,0-1,4,0.6685458918314784,55.0
477,0-1,5,0.6891619660561469,149.0
477,>=2,0,0.8330440606790317,1.0
477,>=2,2,0.8435140771726584,8.0
477,>=2,3,0.9276324638967391,21.0
477,>=2,4,0.8208882756159055,55.0
477,>=2,5,0.5122010917863409,149.0
478,0-1,0,0.6242002509350405,1.0
478,0-1,2,0.6645962657452477,8.0
478,0-1,3,0.5802663060776105,21.0
478,0-1,4,0.6135211717447748,55.0
478,0-1,5,,149.0
478,>=2,0,0.6347217132442382,1.0
478,>=2,2,0.6032021948507597,8.0
478,>=2,3,0.5682079638768616,21.0
478,>=2,4,0.5216306297437058,55.0
478,>=2,5,,149.0
480,0-1,0,0.9186808590987223,1.0
480,0-1,2,0.9315938117438693,8.0
480,0-1,3,0.9330991114177571,21.0
480,0-1,4,0.9183481568181293,55.0
480,0-1,5,0.8938984025555015,149.0
480,>=2,0,0.9312867987113821,1.0
480,>=2,2,0.8382573663159989,8.0
480,>=2,3,0.8611415858210293,21.0
480,>=2,4,0.9030054719172352,55.0
480,>=2,5,0.7789736774263691,149.0
481,0-1,0,0.9791666666666666,1.0
481,0-1,2,0.9363840576396018,8.0
481,0-1,3,0.9485447307994013,21.0
481,0-1,4,0.8306324686381625,55.0
481,0-1,5,,149.0
481,>=2,0,0.9861219650820315,1.0
481,>=2,2,0.961444909175598,8.0
481,>=2,3,0.9375,21.0
481,>=2,4,0.8431699580889247,55.0
481,>=2,5,,149.0
482,0-1,0,0.4836206470817755,1.0
482,0-1,2,0.42783685933644977,8.0
482,0-1,3,0.5073303416566706,21.0
482,0-1,4,0.4333490267375369,55.0
482,0-1,5,,149.0
482,>=2,0,0.54957073556375,1.0
482,>=2,2,0.5537325227145573,8.0
482,>=2,3,0.1651792212748205,21.0
482,>=2,4,0.6715897363233251,55.0
482,>=2,5,,149.0
483,0-1,0,0.7049965924935748,1.0
483,0-1,2,0.8922528259780003,8.0
483,0-1,3,0.7754704626153182,21.0
483,0-1,4,0.6790968455104289,55.0
483,0-1,5,0.7236906956176012,149.0
483,>=2,0,0.8418662336219143,1.0
483,>=2,2,0.8634878038140157,8.0
483,>=2,3,0.6950158371610206,21.0
483,>=2,4,0.41140500366716937,55.0
483,>=2,5,,149.0
484,0-1,0,0.6776193009485042,1.0
484,0-1,2,0.7205882775130612,8.0
484,0-1,3,0.6881316325027537,21.0
484,0-1,4,0.47381943625690603,55.0
484,0-1,5,0.42158337957725356,149.0
484,>=2,0,0.7610188774715582,1.0
484,>=2,2,0.633897012405777,8.0
484,>=2,3,0.5129252632296615,21.0
484,>=2,4,,55.0
484,>=2,5,,149.0
485,0-1,0,0.9262240136788307,1.0
485,0-1,2,0.7698499698557968,8.0
485,0-1,3,0.7931419401016695,21.0
485,0-1,4,0.8047770213690677,55.0
485,0-1,5,0.5898979058283557,149.0
485,>=2,0,0.9063247921367706,1.0
485,>=2,2,0.8931705966278207,8.0
485,>=2,3,0.8290380825134309,21.0
485,>=2,4,0.7442346084937946,55.0
485,>=2,5,,149.0
486,0-1,0,0.6599162168188138,1.0
486,0-1,2,0.5943871946821195,8.0
486,0-1,3,0.5623244036341556,21.0
486,0-1,4,0.493710875750675,55.0
486,0-1,5,0.5730077973447844,149.0
486,>=2,0,0.6043251042063003,1.0
486,>=2,2,0.5863416202454996,8.0
486,>=2,3,0.5443803493105618,21.0
486,>=2,4,0.5150180376468108,55.0
486,>=2,5,,149.0
487,0-1,0,0.544580547677703,1.0
487,0-1,2,0.4790890436207533,8.0
487,0-1,3,0.4327716384989016,21.0
487,0-1,4,0.496657848713186,55.0
487,0-1,5,,149.0
487,>=2,0,0.4763056004113102,1.0
487,>=2,2,0.43338889600201125,8.0
487,>=2,3,0.5637675955337363,21.0
487,>=2,4,0.5203803953583459,55.0
487,>=2,5,,149.0
488,0-1,0,0.8937546543979924,1.0
488,0-1,2,0.7853061651569154,8.0
488,0-1,3,0.693902690977026,21.0
488,0-1,4,,55.0
488,0-1,5,,149.0
488,>=2,0,0.8461098997663696,1.0
488,>=2,2,0.7804814979039902,8.0
488,>=2,3,0.6288050296940104,21.0
488,>=2,4,,55.0
488,>=2,5,,149.0
489,0-1,0,0.9392667550895192,1.0
489,0-1,2,0.910335836185789,8.0
489,0-1,3,0.838436605259757,21.0
489,0-1,4,0.8104190684310372,55.0
489,0-1,5,0.48351323922636347,149.0
489,>=2,0,0.9129954538094047,1.0
489,>=2,2,0.875541871310406,8.0
489,>=2,3,0.9316768347192335,21.0
489,>=2,4,0.75,55.0
489,>=2,5,,149.0
493,0-1,0,0.7227731963997639,1.0
493,0-1,2,0.6805190446050207,8.0
493,0-1,3,0.8831053231481368,21.0
493,0-1,4,0.6100188423481473,55.0
493,0-1,5,0.4791444648692359,149.0
493,>=2,0,0.8959013038706098,1.0
493,>=2,2,0.9210526315789472,8.0
493,>=2,3,0.8529411764705881,21.0
493,>=2,4,0.6506225114422267,55.0
493,>=2,5,0.6293606153694113,149.0
494,0-1,0,0.3650526884482355,1.0
494,0-1,2,0.5125371792136354,8.0
494,0-1,3,0.4975832757272428,21.0
494,0-1,4,0.4582699728843316,55.0
494,0-1,5,,149.0
494,>=2,0,0.5514177582829172,1.0
494,>=2,2,0.35149067417670155,8.0
494,>=2,3,0.4045837355341263,21.0
494,>=2,4,,55.0
494,>=2,5,,149.0
496,0-1,0,0.5295524133073534,1.0
496,0-1,2,0.5298120764612662,8.0
496,0-1,3,0.49364044841344434,21.0
496,0-1,4,0.5497127250209091,55.0
496,0-1,5,0.479556080074297,149.0
496,>=2,0,0.5347716739980205,1.0
496,>=2,2,0.36140783325002984,8.0
496,>=2,3,0.6281601191030431,21.0
496,>=2,4,0.47895379039777053,55.0
496,>=2,5,0.5692636881141976,149.0
497,0-1,0,0.863115218063556,1.0
497,0-1,2,0.9180888609686089,8.0
497,0-1,3,0.844425542048354,21.0
497,0-1,4,0.8270064993078413,55.0
497,0-1,5,0.43234675056098215,149.0
497,>=2,0,0.8975300375003012,1.0
497,>=2,2,0.9202601377156443,8.0
497,>=2,3,0.8031362286360288,21.0
497,>=2,4,0.7092755366935717,55.0
497,>=2,5,,149.0
499,0-1,0,0.7000000000000002,1.0
499,0-1,2,0.8538317400405553,8.0
499,0-1,3,0.8621905688853694,21.0
499,0-1,4,0.8337132086096202,55.0
499,0-1,5,0.7262168962731675,149.0
499,>=2,0,0.8917849513846429,1.0
499,>=2,2,0.8730998400372547,8.0
499,>=2,3,0.5897616907568444,21.0
499,>=2,4,0.8668843319913508,55.0
499,>=2,5,,149.0
501,0-1,0,0.5080367393878342,1.0
501,0-1,2,0.39804523079049664,8.0
501,0-1,3,0.5038678782343541,21.0
501,0-1,4,0.5123122232651824,55.0
501,0-1,5,0.3074120977734446,149.0
501,>=2,0,0.5302598472050202,1.0
501,>=2,2,0.5233439665429782,8.0
501,>=2,3,0.5069015050503678,21.0
501,>=2,4,0.25,55.0
501,>=2,5,,149.0
502,0-1,0,0.2412677079771285,1.0
502,0-1,2,0.47276258381782754,8.0
502,0-1,3,0.5998409947456538,21.0
502,0-1,4,0.5252382975501808,55.0
502,0-1,5,0.44574070290264955,149.0
502,>=2,0,0.38810580986381604,1.0
502,>=2,2,0.5869185303531324,8.0
502,>=2,3,0.6362914713766983,21.0
502,>=2,4,0.4466980182510902,55.0
502,>=2,5,0.25,149.0
503,0-1,0,0.9045424514826712,1.0
503,0-1,2,0.9074209890460628,8.0
503,0-1,3,0.9190151151360084,21.0
503,0-1,4,0.8528565546799398,55.0
503,0-1,5,,149.0
503,>=2,0,0.9390261606504073,1.0
503,>=2,2,0.9069488872974947,8.0
503,>=2,3,0.7102256179693278,21.0
503,>=2,4,,55.0
503,>=2,5,,149.0
504,0-1,0,0.9444444444444444,1.0
504,0-1,2,0.9285528287485031,8.0
504,0-1,3,0.9383902664924697,21.0
504,0-1,4,0.8500177940933453,55.0
504,0-1,5,0.597654451183568,149.0
504,>=2,0,0.9722222222222222,1.0
504,>=2,2,0.9138063006222882,8.0
504,>=2,3,0.8567533320486975,21.0
504,>=2,4,0.7,55.0
504,>=2,5,0.75,149.0
505,0-1,0,0.5013635709756126,1.0
505,0-1,2,0.49226288777752414,8.0
505,0-1,3,0.39604742081391653,21.0
505,0-1,4,0.4327669548900061,55.0
505,0-1,5,0.4149946908355746,149.0
505,>=2,0,0.5794413832907952,1.0
505,>=2,2,0.5463354828887247,8.0
505,>=2,3,0.49259320085730723,21.0
505,>=2,4,0.6749651209933529,55.0
505,>=2,5,,149.0
506,0-1,0,0.9795765716778536,1.0
506,0-1,2,0.9492000595451678,8.0
506,0-1,3,0.9880437736110403,21.0
506,0-1,4,0.6040211848881406,55.0
506,0-1,5,0.727975588615022,149.0
506,>=2,0,0.9933291993289431,1.0
506,>=2,2,0.958595580514996,8.0
506,>=2,3,0.7000000000000001,21.0
506,>=2,4,0.5380097114747097,55.0
506,>=2,5,,149.0
507,0-1,0,0.7922393058384962,1.0
507,0-1,2,0.7095471665478286,8.0
507,0-1,3,0.6389487361569737,21.0
507,0-1,4,0.5239819020131473,55.0
507,0-1,5,0.5517205369978585,149.0
507,>=2,0,0.693075913690005,1.0
507,>=2,2,0.7663107606648537,8.0
507,>=2,3,0.7410503062922138,21.0
507,>=2,4,0.45040611572061384,55.0
507,>=2,5,0.5206299098798146,149.0
508,0-1,0,0.9577246798007775,1.0
508,0-1,2,0.9718400124228838,8.0
508,0-1,3,0.9465467508620468,21.0
508,0-1,4,0.8532605588482198,55.0
508,0-1,5,0.6486086754080768,149.0
508,>=2,0,0.9668012767569066,1.0
508,>=2,2,0.9363311142128541,8.0
508,>=2,3,0.9178597945721002,21.0
508,>=2,4,0.703288984235493,55.0
508,>=2,5,,149.0
509,0-1,0,0.5081700676623835,1.0
509,0-1,2,0.5347226892795804,8.0
509,0-1,3,0.4046124218417,21.0
509,0-1,4,0.4948364054109711,55.0
509,0-1,5,0.25705516628110564,149.0
509,>=2,0,0.34203785019944577,1.0
509,>=2,2,0.37026620383405917,8.0
509,>=2,3,0.43585736946091636,21.0
509,>=2,4,0.494314265853543,55.0
509,>=2,5,,149.0
510,0-1,0,0.8590935452470232,1.0
510,0-1,2,0.8467595632264233,8.0
510,0-1,3,0.7915521320831589,21.0
510,0-1,4,0.5231414138317354,55.0
510,0-1,5,,149.0
510,>=2,0,0.8389482086230697,1.0
510,>=2,2,0.8296754858674462,8.0
510,>=2,3,0.8486640004087724,21.0
510,>=2,4,,55.0
510,>=2,5,,149.0
512,0-1,0,0.702560046091062,1.0
512,0-1,2,0.7195760300366124,8.0
512,0-1,3,0.733069829150325,21.0
512,0-1,4,0.8044551036283489,55.0
512,0-1,5,0.7335386294318219,149.0
512,>=2,0,0.5533633833596066,1.0
512,>=2,2,0.5614990828543478,8.0
512,>=2,3,0.6165906692323974,21.0
512,>=2,4,0.6711508123529679,55.0
512,>=2,5,,149.0
513,0-1,0,0.6264460967357152,1.0
513,0-1,2,0.6894585150652355,8.0
513,0-1,3,0.7440483967522937,21.0
513,0-1,4,0.6559954783438642,55.0
513,0-1,5,,149.0
513,>=2,0,0.6135802663631713,1.0
513,>=2,2,0.6412524423575031,8.0
513,>=2,3,0.7849587230144285,21.0
513,>=2,4,,55.0
513,>=2,5,,149.0
514,0-1,0,0.9706263396873978,1.0
514,0-1,2,0.985907725988454,8.0
514,0-1,3,0.9631936116860462,21.0
514,0-1,4,0.9410841393863157,55.0
514,0-1,5,0.8661715989915253,149.0
514,>=2,0,0.9812426262503329,1.0
514,>=2,2,0.9696451850472396,8.0
514,>=2,3,0.9590145758692202,21.0
514,>=2,4,0.75,55.0
514,>=2,5,0.7331969804186655,149.0
515,0-1,0,0.9067929575888617,1.0
515,0-1,2,0.920115495618283,8.0
515,0-1,3,0.9312065540853803,21.0
515,0-1,4,0.8697879428569186,55.0
515,0-1,5,0.8438849100823983,149.0
515,>=2,0,0.8202583406657975,1.0
515,>=2,2,0.7395926329387246,8.0
515,>=2,3,0.8394157824050408,21.0
515,>=2,4,0.9147051652641833,55.0
515,>=2,5,,149.0
516,0-1,0,0.655985688421055,1.0
516,0-1,2,0.8305822705410744,8.0
516,0-1,3,0.6858509178121817,21.0
516,0-1,4,0.7248887054188367,55.0
516,0-1,5,0.6896708345574829,149.0
516,>=2,0,0.8224754317021523,1.0
516,>=2,2,0.8404306648290587,8.0
516,>=2,3,0.7060841387153969,21.0
516,>=2,4,0.62613527202647,55.0
516,>=2,5,0.7500000000000002,149.0
517,0-1,0,0.6242333626564053,1.0
517,0-1,2,0.6107681671691201,8.0
517,0-1,3,0.5653209874918065,21.0
517,0-1,4,0.5492252564154342,55.0
517,0-1,5,0.5643014505973283,149.0
517,>=2,0,0.6612578557199804,1.0
517,>=2,2,0.6686489527969673,8.0
517,>=2,3,0.6186221019119355,21.0
517,>=2,4,0.4587447565750553,55.0
517,>=2,5,,149.0
518,0-1,0,0.983015873977503,1.0
518,0-1,2,0.9788690744307728,8.0
518,0-1,3,0.9396352805703667,21.0
518,0-1,4,0.8775923225792845,55.0
518,0-1,5,,149.0
518,>=2,0,0.985297516733059,1.0
518,>=2,2,0.9603612734134745,8.0
518,>=2,3,0.8976927560119645,21.0
518,>=2,4,0.867549162810042,55.0
518,>=2,5,,149.0
519,0-1,0,0.5014059083751384,1.0
519,0-1,2,0.49946017130318604,8.0
519,0-1,3,0.46746592245710133,21.0
519,0-1,4,0.4424895027079999,55.0
519,0-1,5,0.39147565359149783,149.0
519,>=2,0,0.582714231665236,1.0
519,>=2,2,0.458880903622513,8.0
519,>=2,3,0.40748947835189164,21.0
519,>=2,4,0.689382512316273,55.0
519,>=2,5,0.6348440596356819,149.0
521,0-1,0,0.6993443322659701,1.0
521,0-1,2,0.7263779252787524,8.0
521,0-1,3,0.6904386502708765,21.0
521,0-1,4,0.7189623557245359,55.0
521,0-1,5,,149.0
521,>=2,0,0.8038600552893029,1.0
521,>=2,2,0.7147963350053542,8.0
521,>=2,3,0.6574876184183648,21.0
521,>=2,4,0.7521769086725638,55.0
521,>=2,5,,149.0
523,0-1,0,0.39538442042246147,1.0
523,0-1,2,0.4006588901522934,8.0
523,0-1,3,0.4485000002099432,21.0
523,0-1,4,0.4333445562971413,55.0
523,0-1,5,0.5168406610597152,149.0
523,>=2,0,0.5208979810615345,1.0
523,>=2,2,0.4487581717377603,8.0
523,>=2,3,0.448708429361303,21.0
523,>=2,4,0.501492121118768,55.0
523,>=2,5,0.4423857359395636,149.0
524,0-1,0,0.9713936963039407,1.0
524,0-1,2,0.9728712430811299,8.0
524,0-1,3,0.9353661698436341,21.0
524,0-1,4,0.9331621190525246,55.0
524,0-1,5,0.9593327556521231,149.0
524,>=2,0,0.9501462866425544,1.0
524,>=2,2,0.9591695442957832,8.0
524,>=2,3,0.9795792394259225,21.0
524,>=2,4,0.8651650069815502,55.0
524,>=2,5,,149.0
525,0-1,0,0.47277961637064986,1.0
525,0-1,2,0.6067457818955421,8.0
525,0-1,3,0.5069514358611295,21.0
525,0-1,4,0.5849377211742947,55.0
525,0-1,5,0.6172914906940155,149.0
525,>=2,0,0.49654080697137437,1.0
525,>=2,2,0.5280035591658767,8.0
525,>=2,3,0.2246872486567117,21.0
525,>=2,4,0.5076602253995538,55.0
525,>=2,5,,149.0
526,0-1,0,0.7921062066734885,1.0
526,0-1,2,0.7975327015319285,8.0
526,0-1,3,0.8620685457028485,21.0
526,0-1,4,0.7266369908527123,55.0
526,0-1,5,0.5967316899920425,149.0
526,>=2,0,0.870252858826899,1.0
526,>=2,2,0.7663207797656895,8.0
526,>=2,3,0.6370105725523424,21.0
526,>=2,4,0.6143544873766343,55.0
526,>=2,5,0.6973937971102409,149.0
527,0-1,0,0.8356270006631684,1.0
527,0-1,2,0.8936490594000497,8.0
527,0-1,3,0.7972606925528183,21.0
527,0-1,4,0.6258521876358514,55.0
527,0-1,5,0.6252217576734118,149.0
527,>=2,0,0.8737487961023919,1.0
527,>=2,2,0.8478260869565217,8.0
527,>=2,3,0.8586476939844548,21.0
527,>=2,4,,55.0
527,>=2,5,,149.0
529,0-1,0,0.9499999999999998,1.0
529,0-1,2,0.9784567410071251,8.0
529,0-1,3,0.9849540135141274,21.0
529,0-1,4,0.9492207036731715,55.0
529,0-1,5,0.9077992929795518,149.0
529,>=2,0,0.9657929998447843,1.0
529,>=2,2,0.8999999999999999,8.0
529,>=2,3,0.9725441110756774,21.0
529,>=2,4,0.7925566773727678,55.0
529,>=2,5,,149.0
530,0-1,0,0.8036327625154128,1.0
530,0-1,2,0.6805453517954632,8.0
530,0-1,3,0.7120071533337592,21.0
530,0-1,4,0.6737184975642243,55.0
530,0-1,5,0.6053806656480101,149.0
530,>=2,0,0.7581158639162546,1.0
530,>=2,2,0.7362570721663872,8.0
530,>=2,3,0.5135186441401968,21.0
530,>=2,4,0.6202053600979786,55.0
530,>=2,5,,149.0
531,0-1,0,0.6863964629043786,1.0
531,0-1,2,0.7870357738017413,8.0
531,0-1,3,0.7356484442926656,21.0
531,0-1,4,0.5901218666041527,55.0
531,0-1,5,0.5515297788037372,149.0
531,>=2,0,0.8433426697782467,1.0
531,>=2,2,0.6235210832197837,8.0
531,>=2,3,0.7613508438366026,21.0
531,>=2,4,0.6719048474942274,55.0
531,>=2,5,,149.0
532,0-1,0,0.9708559530382265,1.0
532,0-1,2,0.9356313121048764,8.0
532,0-1,3,0.9126520453805633,21.0
532,0-1,4,0.8206085939962718,55.0
532,0-1,5,,149.0
532,>=2,0,0.9307455717235635,1.0
532,>=2,2,0.922996818558053,8.0
532,>=2,3,0.7286066382866833,21.0
532,>=2,4,0.6534907843032777,55.0
532,>=2,5,,149.0
533,0-1,0,0.5039482171915031,1.0
533,0-1,2,0.573550225506649,8.0
533,0-1,3,0.46335370075173876,21.0
533,0-1,4,0.4887234007626288,55.0
533,0-1,5,0.5126312184287404,149.0
533,>=2,0,0.5085001618363757,1.0
533,>=2,2,0.46110572677852707,8.0
533,>=2,3,0.7126356130671192,21.0
533,>=2,4,0.25,55.0
533,>=2,5,,149.0
534,0-1,0,0.920477127088,1.0
534,0-1,2,0.8651004004176204,8.0
534,0-1,3,0.86878345426163,21.0
534,0-1,4,0.8259355104959829,55.0
534,0-1,5,0.4603078179747503,149.0
534,>=2,0,0.9183306137879531,1.0
534,>=2,2,0.9375817816694425,8.0
534,>=2,3,0.8910021227410814,21.0
534,>=2,4,0.3797902905853774,55.0
534,>=2,5,,149.0
535,0-1,0,0.5911649077351453,1.0
535,0-1,2,0.6392558827563793,8.0
535,0-1,3,0.5787866585174775,21.0
535,0-1,4,0.4920190706199059,55.0
535,0-1,5,0.5857911968681118,149.0
535,>=2,0,0.5373856265593963,1.0
535,>=2,2,0.5677764543924586,8.0
535,>=2,3,0.56610302848548,21.0
535,>=2,4,0.5503146801698103,55.0
535,>=2,5,,149.0
536,0-1,0,0.5460946398467541,1.0
536,0-1,2,0.5258254650428696,8.0
536,0-1,3,0.42620615930624434,21.0
536,0-1,4,0.5912412925159801,55.0
536,0-1,5,0.5023303770108946,149.0
536,>=2,0,0.6982928817934874,1.0
536,>=2,2,0.35999612951486104,8.0
536,>=2,3,0.5809212878745946,21.0
536,>=2,4,0.675763836869948,55.0
536,>=2,5,0.7480323389749527,149.0
537,0-1,0,0.9755441316623978,1.0
537,0-1,2,0.9336033436960022,8.0
537,0-1,3,0.8896875405581646,21.0
537,0-1,4,0.8870043925208086,55.0
537,0-1,5,,149.0
537,>=2,0,0.9617240960289235,1.0
537,>=2,2,0.8957304217445019,8.0
537,>=2,3,0.8224699931685024,21.0
537,>=2,4,,55.0
537,>=2,5,,149.0
538,0-1,0,0.9875,1.0
538,0-1,2,0.967974996999219,8.0
538,0-1,3,0.931742022211252,21.0
538,0-1,4,0.9065796291682868,55.0
538,0-1,5,,149.0
538,>=2,0,0.984281435592686,1.0
538,>=2,2,0.9399541012908119,8.0
538,>=2,3,0.853494311017568,21.0
538,>=2,4,0.7500000000000001,55.0
538,>=2,5,,149.0
539,0-1,0,0.404079923190192,1.0
539,0-1,2,0.5779768080701172,8.0
539,0-1,3,0.5314639417980014,21.0
539,0-1,4,0.569503000553362,55.0
539,0-1,5,0.26389723520454567,149.0
539,>=2,0,0.606043645472838,1.0
539,>=2,2,0.3538680955732031,8.0
539,>=2,3,0.5087857082060381,21.0
539,>=2,4,0.28578189874518733,55.0
539,>=2,5,0.5350555238487694,149.0
541,0-1,0,0.4783847847190257,1.0
541,0-1,2,0.4945787807537788,8.0
541,0-1,3,0.4869490008945239,21.0
541,0-1,4,0.5209032661820721,55.0
541,0-1,5,0.4745044551838918,149.0
541,>=2,0,0.5221298757749601,1.0
541,>=2,2,0.36985772021154595,8.0
541,>=2,3,0.46863148084178985,21.0
541,>=2,4,0.44684392804842876,55.0
541,>=2,5,0.5049966906945497,149.0
542,0-1,0,0.4558764450963854,1.0
542,0-1,2,0.5979202441339493,8.0
542,0-1,3,0.5424805656765522,21.0
542,0-1,4,0.4871358348881908,55.0
542,0-1,5,0.5542423965222085,149.0
542,>=2,0,0.45642746692886416,1.0
542,>=2,2,0.3539893926997394,8.0
542,>=2,3,0.5168323980223022,21.0
542,>=2,4,0.5631028030745823,55.0
542,>=2,5,,149.0
543,0-1,0,0.5069254563456903,1.0
543,0-1,2,0.4721599339882625,8.0
543,0-1,3,0.42236705219817255,21.0
543,0-1,4,0.6475409836065575,55.0
543,0-1,5,,149.0
543,>=2,0,0.5,1.0
543,>=2,2,0.6562166798226302,8.0
543,>=2,3,0.44029334431886397,21.0
543,>=2,4,0.698251535371969,55.0
543,>=2,5,,149.0
545,0-1,0,0.6580444827280651,1.0
545,0-1,2,0.5797148129218054,8.0
545,0-1,3,0.6421902292918951,21.0
545,0-1,4,0.6092499381672454,55.0
545,0-1,5,0.44910439022879195,149.0
545,>=2,0,0.6196514551621576,1.0
545,>=2,2,0.6475459328956146,8.0
545,>=2,3,0.682128433274898,21.0
545,>=2,4,0.38896354329589494,55.0
545,>=2,5,0.5047968618979611,149.0
546,0-1,0,0.43991903107891633,1.0
546,0-1,2,0.4601145779373185,8.0
546,0-1,3,0.5097804398050334,21.0
546,0-1,4,0.45611544597954484,55.0
546,0-1,5,0.38844647567548046,149.0
546,>=2,0,0.4854185862814892,1.0
546,>=2,2,0.5811324225900103,8.0
546,>=2,3,0.4620630288756269,21.0
546,>=2,4,0.5924233283663665,55.0
546,>=2,5,,149.0
548,0-1,0,0.6801042889643051,1.0
548,0-1,2,0.5932068291016798,8.0
548,0-1,3,0.5113094249224973,21.0
548,0-1,4,0.5050984471684054,55.0
548,0-1,5,0.6594344447712618,149.0
548,>=2,0,0.4033340335776469,1.0
548,>=2,2,0.6213444111890462,8.0
548,>=2,3,0.43785940965013653,21.0
548,>=2,4,0.7240128168219807,55.0
548,>=2,5,0.39611579476332426,149.0
550,0-1,0,0.6617506467470581,1.0
550,0-1,2,0.7148848671726493,8.0
550,0-1,3,0.6505647700867254,21.0
550,0-1,4,0.6431323902011647,55.0
550,0-1,5,0.47815741913114695,149.0
550,>=2,0,0.7468593728413522,1.0
550,>=2,2,0.6301605571745269,8.0
550,>=2,3,0.5683482966953869,21.0
550,>=2,4,0.7224751997447995,55.0
550,>=2,5,0.47262331864485857,149.0
551,0-1,0,0.45954302491163407,1.0
551,0-1,2,0.5068333302196333,8.0
551,0-1,3,0.5186119323102982,21.0
551,0-1,4,0.6028158918173573,55.0
551,0-1,5,0.5300352550265524,149.0
551,>=2,0,0.5290192108244355,1.0
551,>=2,2,0.4832754876462364,8.0
551,>=2,3,0.5396578179047368,21.0
551,>=2,4,0.46397145672824497,55.0
551,>=2,5,,149.0
552,0-1,0,0.9444444444444443,1.0
552,0-1,2,0.9895907466507555,8.0
552,0-1,3,0.9892358988045051,21.0
552,0-1,4,0.9613748424253206,55.0
552,0-1,5,0.9368161366819144,149.0
552,>=2,0,0.9762706558540194,1.0
552,>=2,2,0.9528810001524765,8.0
552,>=2,3,0.875,21.0
552,>=2,4,0.9175026149731724,55.0
552,>=2,5,,149.0
553,0-1,0,0.9171275533233253,1.0
553,0-1,2,0.9218612002214429,8.0
553,0-1,3,0.9439221249806865,21.0
553,0-1,4,0.8455047700684318,55.0
553,0-1,5,0.8226288015049015,149.0
553,>=2,0,0.9529586740871054,1.0
553,>=2,2,0.9341539796446352,8.0
553,>=2,3,0.9293182842429822,21.0
553,>=2,4,0.9,55.0
553,>=2,5,0.7895578627453215,149.0
554,0-1,0,0.8251669857302062,1.0
554,0-1,2,0.7895113835198442,8.0
554,0-1,3,0.6028046184937793,21.0
554,0-1,4,0.5504570017576275,55.0
554,0-1,5,,149.0
554,>=2,0,0.7961470937282272,1.0
554,>=2,2,0.7635099733774647,8.0
554,>=2,3,0.776569776455202,21.0
554,>=2,4,0.5722667459656344,55.0
554,>=2,5,,149.0
555,0-1,0,0.4740802875133454,1.0
555,0-1,2,0.5753674245236323,8.0
555,0-1,3,0.5035714613938799,21.0
555,0-1,4,0.3736408989914777,55.0
555,0-1,5,0.3907043063341417,149.0
555,>=2,0,0.5791631254462054,1.0
555,>=2,2,0.5160451536989136,8.0
555,>=2,3,0.5191133856187752,21.0
555,>=2,4,0.24999999999999994,55.0
555,>=2,5,,149.0
556,0-1,0,0.6731161978490454,1.0
556,0-1,2,0.8682216177963836,8.0
556,0-1,3,0.6887586257604212,21.0
556,0-1,4,0.49379483030765436,55.0
556,0-1,5,0.4489475097997433,149.0
556,>=2,0,0.8811385696469156,1.0
556,>=2,2,0.8094025434506895,8.0
556,>=2,3,0.5843860998421138,21.0
556,>=2,4,0.3383155459065488,55.0
556,>=2,5,,149.0
557,0-1,0,0.9745877664737788,1.0
557,0-1,2,0.96896769461729,8.0
557,0-1,3,0.9662532026660975,21.0
557,0-1,4,0.9229649395338791,55.0
557,0-1,5,,149.0
557,>=2,0,0.9918044146621853,1.0
557,>=2,2,0.9264902815426383,8.0
557,>=2,3,0.8192734631963736,21.0
557,>=2,4,0.7026451343143174,55.0
557,>=2,5,,149.0
558,0-1,0,0.4956312583035734,1.0
558,0-1,2,0.5010714643358309,8.0
558,0-1,3,0.4846923724103972,21.0
558,0-1,4,0.5126150336347792,55.0
558,0-1,5,0.39816809620666166,149.0
558,>=2,0,0.5256937012168085,1.0
558,>=2,2,0.48987861640496094,8.0
558,>=2,3,0.5649012769087318,21.0
558,>=2,4,0.2063744520292629,55.0
558,>=2,5,,149.0
559,0-1,0,0.4040089815922631,1.0
559,0-1,2,0.40237327481291607,8.0
559,0-1,3,0.5706815604818575,21.0
559,0-1,4,0.4330624139502063,55.0
559,0-1,5,,149.0
559,>=2,0,0.482838007397137,1.0
559,>=2,2,0.523179112342553,8.0
559,>=2,3,0.5961126903093465,21.0
559,>=2,4,0.25687724364775577,55.0
559,>=2,5,,149.0
560,0-1,0,0.9143590416255567,1.0
560,0-1,2,0.959997917492983,8.0
560,0-1,3,0.9382064185223056,21.0
560,0-1,4,0.8951973341771204,55.0
560,0-1,5,0.7782476703606505,149.0
560,>=2,0,0.9565809021961342,1.0
560,>=2,2,0.9558280110537339,8.0
560,>=2,3,0.867541882727261,21.0
560,>=2,4,0.7753880815231622,55.0
560,>=2,5,0.7876791114302975,149.0
561,0-1,0,0.9295861523958028,1.0
561,0-1,2,0.8797206339629708,8.0
561,0-1,3,0.7700817667220397,21.0
561,0-1,4,0.646447189702649,55.0
561,0-1,5,0.3572473278579705,149.0
561,>=2,0,0.8753839424157657,1.0
561,>=2,2,0.8077008145393845,8.0
561,>=2,3,0.6029556902661138,21.0
561,>=2,4,0.8390467757452955,55.0
561,>=2,5,,149.0
562,0-1,0,0.9312341906017058,1.0
562,0-1,2,0.888556720486715,8.0
562,0-1,3,0.8883079822710116,21.0
562,0-1,4,0.7650725757470909,55.0
562,0-1,5,0.6744750275392176,149.0
562,>=2,0,0.9351377305512799,1.0
562,>=2,2,0.8996559695677213,8.0
562,>=2,3,0.8951452035537764,21.0
562,>=2,4,0.6243079513496177,55.0
562,>=2,5,,149.0
563,0-1,0,0.31144559998087806,1.0
563,0-1,2,0.5569046978784628,8.0
563,0-1,3,0.5192616676073213,21.0
563,0-1,4,0.5607316885033173,55.0
563,0-1,5,0.5539471658855283,149.0
563,>=2,0,0.5867466264078701,1.0
563,>=2,2,0.5702339615891115,8.0
563,>=2,3,0.45640007972556096,21.0
563,>=2,4,0.6346512821217986,55.0
563,>=2,5,,149.0
564,0-1,0,0.814370838659195,1.0
564,0-1,2,0.7265825462843043,8.0
564,0-1,3,0.6211193945890895,21.0
564,0-1,4,0.5960420493728034,55.0
564,0-1,5,0.5567676735810666,149.0
564,>=2,0,0.7119399709195469,1.0
564,>=2,2,0.6225877980659167,8.0
564,>=2,3,0.565583477588503,21.0
564,>=2,4,0.41929603126605675,55.0
564,>=2,5,,149.0
565,0-1,0,0.6021678760435293,1.0
565,0-1,2,0.5395655618968938,8.0
565,0-1,3,0.5218467668063684,21.0
565,0-1,4,0.2629761978589433,55.0
565,0-1,5,,149.0
565,>=2,0,0.4806403546673292,1.0
565,>=2,2,0.572087736486479,8.0
565,>=2,3,0.6862219438196324,21.0
565,>=2,4,0.471882227228015,55.0
565,>=2,5,,149.0
566,0-1,0,0.5088485615035157,1.0
566,0-1,2,0.44743746139247675,8.0
566,0-1,3,0.40467113984048425,21.0
566,0-1,4,0.4107836246606903,55.0
566,0-1,5,0.4467061398366121,149.0
566,>=2,0,0.47001215541048125,1.0
566,>=2,2,0.6066390728552263,8.0
566,>=2,3,0.5784453035038772,21.0
566,>=2,4,0.4969195541001213,55.0
566,>=2,5,,149.0
567,0-1,0,0.5621346939453518,1.0
567,0-1,2,0.4972087677903557,8.0
567,0-1,3,0.6159024319579612,21.0
567,0-1,4,0.673900290635103,55.0
567,0-1,5,0.6507610895514433,149.0
567,>=2,0,0.5537472081352123,1.0
567,>=2,2,0.6119742437175971,8.0
567,>=2,3,0.4846783958876424,21.0
567,>=2,4,0.6457154380682366,55.0
567,>=2,5,,149.0
568,0-1,0,0.30914283442319634,1.0
568,0-1,2,0.4179279005734399,8.0
568,0-1,3,0.5550019432243215,21.0
568,0-1,4,0.6194771173914713,55.0
568,0-1,5,,149.0
568,>=2,0,0.3013783856744323,1.0
568,>=2,2,0.4627986204079106,8.0
568,>=2,3,0.2606935319706391,21.0
568,>=2,4,0.1250000000000001,55.0
568,>=2,5,,149.0
570,0-1,0,0.5,1.0
570,0-1,2,0.5042793515730215,8.0
570,0-1,3,0.44813902556031276,21.0
570,0-1,4,0.4154821781033401,55.0
570,0-1,5,0.3947424084654154,149.0
570,>=2,0,0.4530118926384509,1.0
570,>=2,2,0.4864319044873762,8.0
570,>=2,3,,21.0
570,>=2,4,0.4435526264987929,55.0
570,>=2,5,,149.0
571,0-1,0,0.5576599052214939,1.0
571,0-1,2,0.5889954690932889,8.0
571,0-1,3,0.5955726533617224,21.0
571,0-1,4,0.49834314597429974,55.0
571,0-1,5,0.6937313484917604,149.0
571,>=2,0,0.8145147533856045,1.0
571,>=2,2,0.563536905451965,8.0
571,>=2,3,0.3706454534816688,21.0
571,>=2,4,0.2499999999999999,55.0
571,>=2,5,0.2647570291274144,149.0
572,0-1,0,0.4319580653086479,1.0
572,0-1,2,0.46072300222926466,8.0
572,0-1,3,0.46561144762195106,21.0
572,0-1,4,0.6710932635035334,55.0
572,0-1,5,,149.0
572,>=2,0,0.3687822813410676,1.0
572,>=2,2,0.35676505640279854,8.0
572,>=2,3,0.5686425156109535,21.0
572,>=2,4,0.25307466679642754,55.0
572,>=2,5,,149.0
573,0-1,0,0.5867334687703621,1.0
573,0-1,2,0.8350050383962164,8.0
573,0-1,3,0.7148146759080083,21.0
573,0-1,4,0.6622995844414348,55.0
573,0-1,5,,149.0
573,>=2,0,0.669382752586532,1.0
573,>=2,2,0.8470279516346917,8.0
573,>=2,3,0.61747691105872,21.0
573,>=2,4,0.8286895133669916,55.0
573,>=2,5,,149.0
574,0-1,0,0.5658632324855583,1.0
574,0-1,2,0.6240526865965691,8.0
574,0-1,3,0.42680927242800515,21.0
574,0-1,4,0.4921845059277535,55.0
574,0-1,5,,149.0
574,>=2,0,0.4995794885591951,1.0
574,>=2,2,0.5328477739699543,8.0
574,>=2,3,0.445562477840178,21.0
574,>=2,4,,55.0
574,>=2,5,,149.0
576,0-1,0,0.6245947677982573,1.0
576,0-1,2,0.9276245561016945,8.0
576,0-1,3,0.7900328416145389,21.0
576,0-1,4,0.536215658327979,55.0
576,0-1,5,0.3302022228476418,149.0
576,>=2,0,0.8107472508013949,1.0
576,>=2,2,0.9625296901487335,8.0
576,>=2,3,0.5888039742462793,21.0
576,>=2,4,0.5,55.0
576,>=2,5,,149.0
577,0-1,0,0.4617903795304574,1.0
577,0-1,2,0.43965517241379315,8.0
577,0-1,3,0.4896816058844686,21.0
577,0-1,4,0.5601543219705131,55.0
577,0-1,5,0.4349501473878406,149.0
577,>=2,0,0.3838347277275782,1.0
577,>=2,2,0.44076725638508474,8.0
577,>=2,3,0.648194670514322,21.0
577,>=2,4,0.5,55.0
577,>=2,5,,149.0
578,0-1,0,0.8852450083142871,1.0
578,0-1,2,0.8555266256521563,8.0
578,0-1,3,0.7638865501336143,21.0
578,0-1,4,0.6013058453866045,55.0
578,0-1,5,,149.0
578,>=2,0,0.8178988664083517,1.0
578,>=2,2,0.7132270943061181,8.0
578,>=2,3,0.861277553646725,21.0
578,>=2,4,0.42473852683943686,55.0
578,>=2,5,,149.0
579,0-1,0,0.6471260862978102,1.0
579,0-1,2,0.6985865269826834,8.0
579,0-1,3,0.67156134086429,21.0
579,0-1,4,0.6352505043350108,55.0
579,0-1,5,0.6134919066001074,149.0
579,>=2,0,0.6621811105226518,1.0
579,>=2,2,0.6462078497721888,8.0
579,>=2,3,0.7152453138508953,21.0
579,>=2,4,0.6629161165740514,55.0
579,>=2,5,0.47213169795690024,149.0
580,0-1,0,0.8966738943614798,1.0
580,0-1,2,0.9297341090237421,8.0
580,0-1,3,0.9418849112527432,21.0
580,0-1,4,0.4051481367241682,55.0
580,0-1,5,,149.0
580,>=2,0,0.9571951988389423,1.0
580,>=2,2,0.8966948432013762,8.0
580,>=2,3,0.8024158184328836,21.0
580,>=2,4,0.16666666666666657,55.0
580,>=2,5,,149.0
582,0-1,0,0.9898750483591593,1.0
582,0-1,2,0.9860467112768949,8.0
582,0-1,3,0.9334304313226798,21.0
582,0-1,4,0.8241822732763311,55.0
582,0-1,5,0.75,149.0
582,>=2,0,0.9727270044973542,1.0
582,>=2,2,0.942488837303576,8.0
582,>=2,3,0.9149837825487024,21.0
582,>=2,4,0.8197503432720672,55.0
582,>=2,5,,149.0
583,0-1,0,0.6073731714220489,1.0
583,0-1,2,0.5054246854562203,8.0
583,0-1,3,0.5898705665767401,21.0
583,0-1,4,0.5508222482387051,55.0
583,0-1,5,0.5278330407554721,149.0
583,>=2,0,0.5735480309245942,1.0
583,>=2,2,0.493695374718082,8.0
583,>=2,3,0.5344092732529817,21.0
583,>=2,4,0.632940444178084,55.0
583,>=2,5,0.47562081495428865,149.0
584,0-1,0,0.9623179736034503,1.0
584,0-1,2,0.9903700431652674,8.0
584,0-1,3,0.9754417149552596,21.0
584,0-1,4,0.6831815676823322,55.0
584,0-1,5,,149.0
584,>=2,0,0.9660791924787904,1.0
584,>=2,2,0.9261686321492738,8.0
584,>=2,3,0.7000000000000001,21.0
584,>=2,4,,55.0
584,>=2,5,,149.0
585,0-1,0,0.5142065450118748,1.0
585,0-1,2,0.43918369140799873,8.0
585,0-1,3,0.38811276061086697,21.0
585,0-1,4,0.47071273687963877,55.0
585,0-1,5,0.5274142484731918,149.0
585,>=2,0,0.4431177858376899,1.0
585,>=2,2,0.6348434245445455,8.0
585,>=2,3,0.6888137533908376,21.0
585,>=2,4,0.3163237719878199,55.0
585,>=2,5,,149.0
586,0-1,0,0.5676811636286824,1.0
586,0-1,2,0.48679552897192335,8.0
586,0-1,3,0.43974944005497163,21.0
586,0-1,4,0.42655410260077764,55.0
586,0-1,5,,149.0
586,>=2,0,0.5135159352363562,1.0
586,>=2,2,0.508831289344055,8.0
586,>=2,3,0.5594274131992073,21.0
586,>=2,4,0.6709222936895057,55.0
586,>=2,5,,149.0
587,0-1,0,0.9223941076965176,1.0
587,0-1,2,0.9679232798287772,8.0
587,0-1,3,0.9433514905365521,21.0
587,0-1,4,0.9047213697656145,55.0
587,0-1,5,0.8483780063257531,149.0
587,>=2,0,0.9453884009282787,1.0
587,>=2,2,0.9200722194566673,8.0
587,>=2,3,0.8721838157032037,21.0
587,>=2,4,0.7135258209183122,55.0
587,>=2,5,,149.0
588,0-1,0,0.2937569003594507,1.0
588,0-1,2,0.5105672373492595,8.0
588,0-1,3,0.46153008667298634,21.0
588,0-1,4,0.3753623808756451,55.0
588,0-1,5,0.7078954305412697,149.0
588,>=2,0,0.38635681114818254,1.0
588,>=2,2,0.43668449354777983,8.0
588,>=2,3,0.5400889530324635,21.0
588,>=2,4,0.44069104110417806,55.0
588,>=2,5,,149.0
589,0-1,0,0.875,1.0
589,0-1,2,0.8810077623528854,8.0
589,0-1,3,0.8614963503378381,21.0
589,0-1,4,0.7948544172771259,55.0
589,0-1,5,0.5043124355382719,149.0
589,>=2,0,0.9482608300387494,1.0
589,>=2,2,0.9289644626089043,8.0
589,>=2,3,0.8941425094349983,21.0
589,>=2,4,0.826381336474476,55.0
589,>=2,5,0.25,149.0
590,0-1,0,0.659160923613502,1.0
590,0-1,2,0.6055960428566117,8.0
590,0-1,3,0.6494411425650897,21.0
590,0-1,4,0.6066219414976229,55.0
590,0-1,5,0.6181647839956502,149.0
590,>=2,0,0.5103245262128683,1.0
590,>=2,2,0.4673823391585645,8.0
590,>=2,3,0.5754569989656748,21.0
590,>=2,4,0.4798220091945559,55.0
590,>=2,5,0.31560045956800853,149.0
591,0-1,0,0.725,1.0
591,0-1,2,0.47804913287400774,8.0
591,0-1,3,0.39704701351908994,21.0
591,0-1,4,0.42569697294158315,55.0
591,0-1,5,0.30321967390682436,149.0
591,>=2,0,0.5402720847995237,1.0
591,>=2,2,0.4531534409619078,8.0
591,>=2,3,0.07142857142857133,21.0
591,>=2,4,,55.0
591,>=2,5,,149.0
592,0-1,0,0.8369088138146241,1.0
592,0-1,2,0.858701697829808,8.0
592,0-1,3,0.8508612207110804,21.0
592,0-1,4,0.7633931947768244,55.0
592,0-1,5,0.5582328480064822,149.0
592,>=2,0,0.8288753712849315,1.0
592,>=2,2,0.8826620046521831,8.0
592,>=2,3,0.6862324754236688,21.0
592,>=2,4,0.8688871254284,55.0
592,>=2,5,,149.0
593,0-1,0,0.4476011217014632,1.0
593,0-1,2,0.5210150116545809,8.0
593,0-1,3,0.5259040022304986,21.0
593,0-1,4,0.4179469710713355,55.0
593,0-1,5,0.4787931029947682,149.0
593,>=2,0,0.4364428118574554,1.0
593,>=2,2,0.3355031488515209,8.0
593,>=2,3,0.41838216045510335,21.0
593,>=2,4,0.7482820565872919,55.0
593,>=2,5,,149.0
594,0-1,0,0.9846560901203315,1.0
594,0-1,2,0.9020884439958243,8.0
594,0-1,3,0.9582547101601545,21.0
594,0-1,4,0.9511253102038499,55.0
594,0-1,5,,149.0
594,>=2,0,0.9822261386973511,1.0
594,>=2,2,0.9725025483708379,8.0
594,>=2,3,0.9235354922923766,21.0
594,>=2,4,0.5,55.0
594,>=2,5,,149.0
595,0-1,0,0.5142220307181034,1.0
595,0-1,2,0.5977300630853837,8.0
595,0-1,3,0.4831052278653257,21.0
595,0-1,4,0.5560355229640331,55.0
595,0-1,5,,149.0
595,>=2,0,0.4948492095706161,1.0
595,>=2,2,0.512541456558957,8.0
595,>=2,3,0.6407152618079678,21.0
595,>=2,4,0.5235331574965215,55.0
595,>=2,5,,149.0
596,0-1,0,0.6609814054863472,1.0
596,0-1,2,0.5368000742329259,8.0
596,0-1,3,0.5700018409920261,21.0
596,0-1,4,0.5883120669133095,55.0
596,0-1,5,0.5520752253680776,149.0
596,>=2,0,0.5552773967823796,1.0
596,>=2,2,0.6194927929786302,8.0
596,>=2,3,0.6131274608536683,21.0
596,>=2,4,0.5796655002198396,55.0
596,>=2,5,,149.0
597,0-1,0,0.9546321105690402,1.0
597,0-1,2,0.9053081950247526,8.0
597,0-1,3,0.8791879849205878,21.0
597,0-1,4,0.5794459529530936,55.0
597,0-1,5,,149.0
597,>=2,0,0.925271815513815,1.0
597,>=2,2,0.878879006943176,8.0
597,>=2,3,0.8889623318434895,21.0
597,>=2,4,0.12500000000000006,55.0
597,>=2,5,,149.0
598,0-1,0,0.9446260285458626,1.0
598,0-1,2,0.8647180493522839,8.0
598,0-1,3,0.8471968662906677,21.0
598,0-1,4,0.7409310291877961,55.0
598,0-1,5,0.25,149.0
598,>=2,0,0.8878558788952172,1.0
598,>=2,2,0.9387645045998138,8.0
598,>=2,3,0.8617097506752778,21.0
598,>=2,4,0.561695995114629,55.0
598,>=2,5,,149.0
599,0-1,0,0.34795720526339086,1.0
599,0-1,2,0.4594208039343255,8.0
599,0-1,3,0.4844011363679115,21.0
599,0-1,4,0.4893867994370522,55.0
599,0-1,5,0.5186974928346905,149.0
599,>=2,0,0.293173005693398,1.0
599,>=2,2,0.35451899102412104,8.0
599,>=2,3,0.4926318812192224,21.0
599,>=2,4,0.2973630882797136,55.0
599,>=2,5,,149.0
600,0-1,0,0.7786074167986878,1.0
600,0-1,2,0.8609452147197207,8.0
600,0-1,3,0.7476060006423535,21.0
600,0-1,4,0.7725120551518702,55.0
600,0-1,5,0.8253029815283672,149.0
600,>=2,0,0.8657194186187975,1.0
600,>=2,2,0.6036291475183714,8.0
600,>=2,3,0.8812813544820746,21.0
600,>=2,4,0.6416757930088162,55.0
600,>=2,5,0.5875972680535474,149.0
601,0-1,0,0.9312870629539358,1.0
601,0-1,2,0.9465355989000104,8.0
601,0-1,3,0.9496892696956781,21.0
601,0-1,4,0.8934561573949704,55.0
601,0-1,5,0.7910531851602511,149.0
601,>=2,0,0.8957450652322184,1.0
601,>=2,2,0.8320823402197818,8.0
601,>=2,3,0.7581422489506106,21.0
601,>=2,4,0.7081007841118411,55.0
601,>=2,5,0.6523184798634052,149.0
602,0-1,0,0.7922202638688887,1.0
602,0-1,2,0.7421089931534968,8.0
602,0-1,3,0.6021492920394522,21.0
602,0-1,4,0.5789278550269491,55.0
602,0-1,5,0.5761042728032342,149.0
602,>=2,0,0.7404000663765153,1.0
602,>=2,2,0.7030932247464906,8.0
602,>=2,3,0.38815868615311727,21.0
602,>=2,4,0.5824689554089701,55.0
602,>=2,5,,149.0
603,0-1,0,0.7344251689407616,1.0
603,0-1,2,0.8503278281294531,8.0
603,0-1,3,0.7764188983797065,21.0
603,0-1,4,0.6755597726282239,55.0
603,0-1,5,0.8095123347512119,149.0
603,>=2,0,0.7804664647272812,1.0
603,>=2,2,0.8056152250839835,8.0
603,>=2,3,0.7604934453929044,21.0
603,>=2,4,0.6700966170836001,55.0
603,>=2,5,,149.0
604,0-1,0,0.9783554568478627,1.0
604,0-1,2,0.952830188679245,8.0
604,0-1,3,0.6213373705490759,21.0
604,0-1,4,0.8788262766330239,55.0
604,0-1,5,,149.0
604,>=2,0,0.9707324848154613,1.0
604,>=2,2,0.94,8.0
604,>=2,3,0.7884881600389635,21.0
604,>=2,4,0.625,55.0
604,>=2,5,,149.0
605,0-1,0,0.6177899188926766,1.0
605,0-1,2,0.5753948042339521,8.0
605,0-1,3,0.5500974563549472,21.0
605,0-1,4,0.6197193076545321,55.0
605,0-1,5,0.5154989442907915,149.0
605,>=2,0,0.48613754778265994,1.0
605,>=2,2,0.3289200165901039,8.0
605,>=2,3,0.5985963962878034,21.0
605,>=2,4,0.6509805901629891,55.0
605,>=2,5,,149.0
606,0-1,0,0.5758641776757222,1.0
606,0-1,2,0.49275265505488663,8.0
606,0-1,3,0.5487191952734989,21.0
606,0-1,4,0.5715667759708696,55.0
606,0-1,5,,149.0
606,>=2,0,0.5008983847536553,1.0
606,>=2,2,0.6034270819889405,8.0
606,>=2,3,0.5823385130710492,21.0
606,>=2,4,0.6764089981311321,55.0
606,>=2,5,,149.0
607,0-1,0,0.22114940193577398,1.0
607,0-1,2,0.4226486919044686,8.0
607,0-1,3,0.5897365469654825,21.0
607,0-1,4,0.5392780621476715,55.0
607,0-1,5,0.40330258133064084,149.0
607,>=2,0,0.16817624589551755,1.0
607,>=2,2,0.390687842425373,8.0
607,>=2,3,0.21441252922939597,21.0
607,>=2,4,0.21463397377459792,55.0
607,>=2,5,,149.0
608,0-1,0,0.5296780441099631,1.0
608,0-1,2,0.44910336011309443,8.0
608,0-1,3,0.5456562185054953,21.0
608,0-1,4,0.414928309768135,55.0
608,0-1,5,0.5193781708687977,149.0
608,>=2,0,0.4828869084783298,1.0
608,>=2,2,0.5065144298347625,8.0
608,>=2,3,0.5654652502529331,21.0
608,>=2,4,0.32253584294228776,55.0
608,>=2,5,,149.0
609,0-1,0,0.4628812771869584,1.0
609,0-1,2,0.574709717431445,8.0
609,0-1,3,0.46580402315907277,21.0
609,0-1,4,0.4333763820369427,55.0
609,0-1,5,,149.0
609,>=2,0,0.6050845628652728,1.0
609,>=2,2,0.4366112256249912,8.0
609,>=2,3,0.6038881181639876,21.0
609,>=2,4,0.6163285817702397,55.0
609,>=2,5,,149.0
610,0-1,0,0.909142842427257,1.0
610,0-1,2,0.8382689193322257,8.0
610,0-1,3,0.8694535166441041,21.0
610,0-1,4,0.5224573365161984,55.0
610,0-1,5,,149.0
610,>=2,0,0.8086706591363673,1.0
610,>=2,2,0.7846408287272796,8.0
610,>=2,3,0.7462857242110084,21.0
610,>=2,4,,55.0
610,>=2,5,,149.0
611,0-1,0,0.4926078508021346,1.0
611,0-1,2,0.6172237778729269,8.0
611,0-1,3,0.5189848451823015,21.0
611,0-1,4,0.48783769679682476,55.0
611,0-1,5,0.49309910853069727,149.0
611,>=2,0,0.5123963302970951,1.0
611,>=2,2,0.5755771196552594,8.0
611,>=2,3,0.4924806989091243,21.0
611,>=2,4,0.5244823193652647,55.0
611,>=2,5,0.558598920240497,149.0
612,0-1,0,0.865532840114188,1.0
612,0-1,2,0.9021086113237125,8.0
612,0-1,3,0.8154404815761285,21.0
612,0-1,4,0.5972812308040203,55.0
612,0-1,5,0.7562988209979229,149.0
612,>=2,0,0.8895004344605358,1.0
612,>=2,2,0.769546491939359,8.0
612,>=2,3,0.7533815335638498,21.0
612,>=2,4,0.2749758129849903,55.0
612,>=2,5,0.24999999999999994,149.0
613,0-1,0,0.98,1.0
613,0-1,2,0.9716981132075472,8.0
613,0-1,3,0.9619561682723357,21.0
613,0-1,4,0.6343422854602889,55.0
613,0-1,5,,149.0
613,>=2,0,0.9966097600650002,1.0
613,>=2,2,0.9606175463088963,8.0
613,>=2,3,0.8636363636363638,21.0
613,>=2,4,0.6538396751425357,55.0
613,>=2,5,,149.0
614,0-1,0,0.7354911323714112,1.0
614,0-1,2,0.7960286527328648,8.0
614,0-1,3,0.8141992954805377,21.0
614,0-1,4,0.783527794164365,55.0
614,0-1,5,0.7630235335912594,149.0
614,>=2,0,0.8034134737462488,1.0
614,>=2,2,0.7343046273275355,8.0
614,>=2,3,0.8104145230538162,21.0
614,>=2,4,,55.0
614,>=2,5,,149.0
615,0-1,0,0.4326112857039088,1.0
615,0-1,2,0.4545998662327241,8.0
615,0-1,3,0.4791431280958069,21.0
615,0-1,4,0.47625624558960683,55.0
615,0-1,5,0.516251620392482,149.0
615,>=2,0,0.48599147087201244,1.0
615,>=2,2,0.5140206095793481,8.0
615,>=2,3,0.4560378255586721,21.0
615,>=2,4,0.41086447014361227,55.0
615,>=2,5,,149.0
616,0-1,0,0.5297360134235584,1.0
616,0-1,2,0.4655504742764185,8.0
616,0-1,3,0.5253995156775007,21.0
616,0-1,4,0.71665673942123,55.0
616,0-1,5,0.2499999999999999,149.0
616,>=2,0,0.5147973543736512,1.0
616,>=2,2,0.4553325507300813,8.0
616,>=2,3,0.5767221599015702,21.0
616,>=2,4,0.7812133174626357,55.0
616,>=2,5,,149.0
617,0-1,0,0.4905284888578585,1.0
617,0-1,2,0.5155870249254411,8.0
617,0-1,3,0.5168785528511506,21.0
617,0-1,4,0.4162199203130963,55.0
617,0-1,5,0.3116948072459562,149.0
617,>=2,0,0.6108014843585576,1.0
617,>=2,2,0.4618792418747282,8.0
617,>=2,3,0.3184561356819503,21.0
617,>=2,4,0.4943616130726398,55.0
617,>=2,5,,149.0
619,0-1,0,0.5250358184513804,1.0
619,0-1,2,0.901494399496523,8.0
619,0-1,3,0.8820005755362803,21.0
619,0-1,4,0.7085216056842746,55.0
619,0-1,5,,149.0
619,>=2,0,0.8672902039726724,1.0
619,>=2,2,0.4509880766176308,8.0
619,>=2,3,0.45179455487597237,21.0
619,>=2,4,0.16666666666666669,55.0
619,>=2,5,,149.0
620,0-1,0,0.9297496970892273,1.0
620,0-1,2,0.8326626998353643,8.0
620,0-1,3,0.8819595683946517,21.0
620,0-1,4,0.8898747203835762,55.0
620,0-1,5,,149.0
620,>=2,0,0.8453228883106458,1.0
620,>=2,2,0.827090111397143,8.0
620,>=2,3,0.7272629758621507,21.0
620,>=2,4,,55.0
620,>=2,5,,149.0
621,0-1,0,0.622170330863756,1.0
621,0-1,2,0.45855946913717643,8.0
621,0-1,3,0.4681674784960813,21.0
621,0-1,4,0.48191863523473505,55.0
621,0-1,5,0.4177043855746405,149.0
621,>=2,0,0.5740315027079859,1.0
621,>=2,2,0.6493465177925446,8.0
621,>=2,3,0.5647388950215996,21.0
621,>=2,4,0.5748580246445426,55.0
621,>=2,5,,149.0
622,0-1,0,0.8453809177946465,1.0
622,0-1,2,0.6249924086435401,8.0
622,0-1,3,0.7855443060427048,21.0
622,0-1,4,0.5147706336766843,55.0
622,0-1,5,0.5596649798124429,149.0
622,>=2,0,0.6405325602544316,1.0
622,>=2,2,0.4816859477375022,8.0
622,>=2,3,0.5344426308092978,21.0
622,>=2,4,0.2667100809669141,55.0
622,>=2,5,0.48958131013574535,149.0
623,0-1,0,0.8652379143862545,1.0
623,0-1,2,0.9767937853272761,8.0
623,0-1,3,0.9542693092405975,21.0
623,0-1,4,0.8776413815773718,55.0
623,0-1,5,0.7840365825484619,149.0
623,>=2,0,0.9198631290558203,1.0
623,>=2,2,0.9543058962135608,8.0
623,>=2,3,0.8533263674817227,21.0
623,>=2,4,0.838889976106879,55.0
623,>=2,5,,149.0
624,0-1,0,0.8979682702899795,1.0
624,0-1,2,0.9794876839396812,8.0
624,0-1,3,0.8506543207707022,21.0
624,0-1,4,0.8391300392855012,55.0
624,0-1,5,0.6121662673736097,149.0
624,>=2,0,0.9318181818181818,1.0
624,>=2,2,0.9545454545454546,8.0
624,>=2,3,0.7770588030167416,21.0
624,>=2,4,0.650823386253025,55.0
624,>=2,5,0.7500000000000001,149.0
625,0-1,0,0.23099694056802184,1.0
625,0-1,2,0.5601429736722738,8.0
625,0-1,3,0.6308733097140121,21.0
625,0-1,4,0.6080715882097274,55.0
625,0-1,5,,149.0
625,>=2,0,0.48694412952903754,1.0
625,>=2,2,0.6077519017514288,8.0
625,>=2,3,0.6176738221261966,21.0
625,>=2,4,0.6758591030090819,55.0
625,>=2,5,,149.0
626,0-1,0,0.40317117072054975,1.0
626,0-1,2,0.5379860594058082,8.0
626,0-1,3,0.44235946406160087,21.0
626,0-1,4,0.6057083765814042,55.0
626,0-1,5,0.4252668713226557,149.0
626,>=2,0,0.42109044489179676,1.0
626,>=2,2,0.38197466170191974,8.0
626,>=2,3,0.1894351175777717,21.0
626,>=2,4,0.24999999999999994,55.0
626,>=2,5,,149.0
627,0-1,0,0.6839658258546932,1.0
627,0-1,2,0.7251909080383052,8.0
627,0-1,3,0.7330822508263688,21.0
627,0-1,4,0.6305846278314892,55.0
627,0-1,5,0.7660349879295222,149.0
627,>=2,0,0.666884861462011,1.0
627,>=2,2,0.6627804628111579,8.0
627,>=2,3,0.6545709053952602,21.0
627,>=2,4,0.6846761774487977,55.0
627,>=2,5,0.730084565786383,149.0
628,0-1,0,0.21984613175884643,1.0
628,0-1,2,0.5176209772206728,8.0
628,0-1,3,0.5244533508824744,21.0
628,0-1,4,0.5621870340974205,55.0
628,0-1,5,0.6087194032896477,149.0
628,>=2,0,0.37533150736071236,1.0
628,>=2,2,0.4647946445882778,8.0
628,>=2,3,0.24443611912331836,21.0
628,>=2,4,0.36193515248779895,55.0
628,>=2,5,,149.0
629,0-1,0,0.6498237044629606,1.0
629,0-1,2,0.5962026008925146,8.0
629,0-1,3,0.6050137303797635,21.0
629,0-1,4,0.5651430646930873,55.0
629,0-1,5,0.41478111277652063,149.0
629,>=2,0,0.5181317151272775,1.0
629,>=2,2,0.301006866296503,8.0
629,>=2,3,0.4823762982574805,21.0
629,>=2,4,0.6036826045483876,55.0
629,>=2,5,0.6135832358942571,149.0
630,0-1,0,0.911288638912258,1.0
630,0-1,2,0.8657662551126775,8.0
630,0-1,3,0.7417996022710969,21.0
630,0-1,4,0.6562745057273647,55.0
630,0-1,5,0.5758466810928384,149.0
630,>=2,0,0.7554539499054309,1.0
630,>=2,2,0.8819219341848935,8.0
630,>=2,3,0.8949833686431022,21.0
630,>=2,4,,55.0
630,>=2,5,0.5263750790245354,149.0
632,0-1,0,0.61825595653251,1.0
632,0-1,2,0.47030518225607076,8.0
632,0-1,3,0.5014838158237283,21.0
632,0-1,4,0.45385850846828873,55.0
632,0-1,5,0.4474235137467532,149.0
632,>=2,0,0.441968778703978,1.0
632,>=2,2,0.5959620944559744,8.0
632,>=2,3,0.46081466230797874,21.0
632,>=2,4,0.25,55.0
632,>=2,5,,149.0
634,0-1,0,0.5688684716488135,1.0
634,0-1,2,0.5233272362083806,8.0
634,0-1,3,0.5896568633520066,21.0
634,0-1,4,0.3617945991563143,55.0
634,0-1,5,,149.0
634,>=2,0,0.39105926858243956,1.0
634,>=2,2,0.46653550638740354,8.0
634,>=2,3,0.44440975495552265,21.0
634,>=2,4,0.3987558788088191,55.0
634,>=2,5,,149.0
635,0-1,0,0.9709101202160733,1.0
635,0-1,2,0.974604259809261,8.0
635,0-1,3,0.9359347466530696,21.0
635,0-1,4,0.919828255619435,55.0
635,0-1,5,,149.0
635,>=2,0,0.9235301701234835,1.0
635,>=2,2,0.8900940283263974,8.0
635,>=2,3,0.8683401620230149,21.0
635,>=2,4,0.24999999999999983,55.0
635,>=2,5,,149.0
636,0-1,0,0.37452442753333653,1.0
636,0-1,2,0.4301068072068384,8.0
636,0-1,3,0.441976028642158,21.0
636,0-1,4,0.5131459268578002,55.0
636,0-1,5,0.5343559501328033,149.0
636,>=2,0,0.5595110758856805,1.0
636,>=2,2,0.4743540720040135,8.0
636,>=2,3,0.71357751083549,21.0
636,>=2,4,0.4241811777507813,55.0
636,>=2,5,,149.0
638,0-1,0,0.3430621572652691,1.0
638,0-1,2,0.4626455011077088,8.0
638,0-1,3,0.6130750064078816,21.0
638,0-1,4,0.58559368512487,55.0
638,0-1,5,0.5960472927292442,149.0
638,>=2,0,0.5660811151301048,1.0
638,>=2,2,0.5618160125879709,8.0
638,>=2,3,0.54213343440451,21.0
638,>=2,4,0.6960102426776771,55.0
638,>=2,5,0.5133714258449581,149.0
639,0-1,0,0.9547215913517612,1.0
639,0-1,2,0.9389351060410254,8.0
639,0-1,3,0.9141642787387918,21.0
639,0-1,4,0.8678949301668528,55.0
639,0-1,5,0.7623532388646276,149.0
639,>=2,0,0.9821238962454961,1.0
639,>=2,2,0.917313217413579,8.0
639,>=2,3,0.8921358796742596,21.0
639,>=2,4,0.875,55.0
639,>=2,5,,149.0
640,0-1,0,0.48727886910014856,1.0
640,0-1,2,0.5033123737159589,8.0
640,0-1,3,0.4791841318864929,21.0
640,0-1,4,0.4750238562353364,55.0
640,0-1,5,0.5521293613750504,149.0
640,>=2,0,0.4291067685227111,1.0
640,>=2,2,0.3705695411672888,8.0
640,>=2,3,0.2538783472951759,21.0
640,>=2,4,0.709684926582196,55.0
640,>=2,5,,149.0
641,0-1,0,0.5097058187828355,1.0
641,0-1,2,0.4978892989805002,8.0
641,0-1,3,0.5562458747634355,21.0
641,0-1,4,0.5585535850918412,55.0
641,0-1,5,0.47615923323364184,149.0
641,>=2,0,0.5263607596809573,1.0
641,>=2,2,0.4993819309768421,8.0
641,>=2,3,0.4848833582306882,21.0
641,>=2,4,0.5123906312196854,55.0
641,>=2,5,,149.0
642,0-1,0,0.30487804878048785,1.0
642,0-1,2,0.5085887310252842,8.0
642,0-1,3,0.43700819445164907,21.0
642,0-1,4,0.683334965594836,55.0
642,0-1,5,,149.0
642,>=2,0,0.37679676831002873,1.0
642,>=2,2,0.438297590658716,8.0
642,>=2,3,0.3529738945055243,21.0
642,>=2,4,0.37500000000000006,55.0
642,>=2,5,,149.0
643,0-1,0,0.6000799506738758,1.0
643,0-1,2,0.521853277491366,8.0
643,0-1,3,0.6248135930960343,21.0
643,0-1,4,0.6449170786926401,55.0
643,0-1,5,,149.0
643,>=2,0,0.6413001300311142,1.0
643,>=2,2,0.5047559036411327,8.0
643,>=2,3,0.5685231426278559,21.0
643,>=2,4,0.4795386806556564,55.0
643,>=2,5,,149.0
644,0-1,0,0.95,1.0
644,0-1,2,0.9802618492358955,8.0
644,0-1,3,0.9769701114233657,21.0
644,0-1,4,0.9645932623163862,55.0
644,0-1,5,0.8703936245647157,149.0
644,>=2,0,0.9930589268692712,1.0
644,>=2,2,0.9760255461853754,8.0
644,>=2,3,0.9821846649554656,21.0
644,>=2,4,0.9010845290347691,55.0
644,>=2,5,,149.0
645,0-1,0,0.6233023802782226,1.0
645,0-1,2,0.7080501885115609,8.0
645,0-1,3,0.6379290455678298,21.0
645,0-1,4,0.5876796301669176,55.0
645,0-1,5,0.41834471416964014,149.0
645,>=2,0,0.6952889409063194,1.0
645,>=2,2,0.6411860695636167,8.0
645,>=2,3,0.6308330757789581,21.0
645,>=2,4,,55.0
645,>=2,5,0.6185371200663543,149.0
646,0-1,0,0.6776795625503645,1.0
646,0-1,2,0.6493987371862651,8.0
646,0-1,3,0.5569933130626997,21.0
646,0-1,4,0.542639493513506,55.0
646,0-1,5,0.3635965121109854,149.0
646,>=2,0,0.6564129612656543,1.0
646,>=2,2,0.46438660297859896,8.0
646,>=2,3,0.6002805796060292,21.0
646,>=2,4,0.4824200471438085,55.0
646,>=2,5,,149.0
648,0-1,0,0.6275886478300381,1.0
648,0-1,2,0.5075357832486278,8.0
648,0-1,3,0.5338848277814883,21.0
648,0-1,4,0.5598403893115527,55.0
648,0-1,5,0.39154200758884516,149.0
648,>=2,0,0.5103486551927998,1.0
648,>=2,2,0.5750962200902952,8.0
648,>=2,3,0.3465939976562465,21.0
648,>=2,4,0.24999999999999994,55.0
648,>=2,5,,149.0
649,0-1,0,0.397439955878807,1.0
649,0-1,2,0.6204425589363667,8.0
649,0-1,3,0.5047401315832449,21.0
649,0-1,4,0.5422717226185025,55.0
649,0-1,5,0.3614942477113997,149.0
649,>=2,0,0.42500302215184904,1.0
649,>=2,2,0.5784656500130928,8.0
649,>=2,3,0.603844633307864,21.0
649,>=2,4,0.5084731687121175,55.0
649,>=2,5,,149.0
650,0-1,0,0.4273101690952765,1.0
650,0-1,2,0.5227483324043717,8.0
650,0-1,3,0.5340290813678225,21.0
650,0-1,4,0.7575112843498396,55.0
650,0-1,5,,149.0
650,>=2,0,0.5786760337911665,1.0
650,>=2,2,0.6231453562490658,8.0
650,>=2,3,0.5920727708726587,21.0
650,>=2,4,0.5430843935429631,55.0
650,>=2,5,,149.0
651,0-1,0,0.84375,1.0
651,0-1,2,0.8355076569002431,8.0
651,0-1,3,0.8737019281489847,21.0
651,0-1,4,0.8478154731380935,55.0
651,0-1,5,0.7322440870965851,149.0
651,>=2,0,0.9559710643110777,1.0
651,>=2,2,0.9661377489054268,8.0
651,>=2,3,0.9375,21.0
651,>=2,4,0.8672437762935408,55.0
651,>=2,5,,149.0
652,0-1,0,0.35076535339699566,1.0
652,0-1,2,0.4302498021077663,8.0
652,0-1,3,0.425889176501076,21.0
652,0-1,4,0.46583382758672,55.0
652,0-1,5,0.4924678046433706,149.0
652,>=2,0,0.4305836978087926,1.0
652,>=2,2,0.6069006614499108,8.0
652,>=2,3,0.6035391779347524,21.0
652,>=2,4,0.65852837339182,55.0
652,>=2,5,0.24999999999999994,149.0
653,0-1,0,0.6526411338821065,1.0
653,0-1,2,0.8148194975153661,8.0
653,0-1,3,0.7069085460222211,21.0
653,0-1,4,0.6904168014249663,55.0
653,0-1,5,0.7147178107059634,149.0
653,>=2,0,0.9049185998229827,1.0
653,>=2,2,0.8345771516346426,8.0
653,>=2,3,0.7683218759747731,21.0
653,>=2,4,0.7313029299404936,55.0
653,>=2,5,,149.0
654,0-1,0,0.96875,1.0
654,0-1,2,0.9703513883666456,8.0
654,0-1,3,0.9924748083667041,21.0
654,0-1,4,0.983490868962122,55.0
654,0-1,5,0.759685171870996,149.0
654,>=2,0,0.9769464396866485,1.0
654,>=2,2,0.9790886222762683,8.0
654,>=2,3,0.925077865513317,21.0
654,>=2,4,0.898517279668642,55.0
654,>=2,5,,149.0
655,0-1,0,0.5934554322327473,1.0
655,0-1,2,0.6511649374582175,8.0
655,0-1,3,0.633939040947285,21.0
655,0-1,4,0.6549914618133849,55.0
655,0-1,5,0.5674368264003448,149.0
655,>=2,0,0.5463531758348378,1.0
655,>=2,2,0.664081875874629,8.0
655,>=2,3,0.6013674411697539,21.0
655,>=2,4,0.646123955067778,55.0
655,>=2,5,0.24999999999999983,149.0
656,0-1,0,0.9250815412432449,1.0
656,0-1,2,0.9270069558117677,8.0
656,0-1,3,0.9121592099551612,21.0
656,0-1,4,0.7544233730810568,55.0
656,0-1,5,0.7427200383461877,149.0
656,>=2,0,0.9052768256135362,1.0
656,>=2,2,0.9166666666666665,8.0
656,>=2,3,0.8579433436194419,21.0
656,>=2,4,0.708139005034755,55.0
656,>=2,5,0.8103568135270027,149.0
